Region,Year,Gender,Age_Group,Population,PCC_litres_year,Correction_factor,Relative_consumption,P_LA,P_FD,P_CD,P_BD
01:NL,2006,Male,15-34,64328,10.5248,0.8,100,0.105333,0.096358,0.798309,0.53572
01:NL,2006,Male,35-64,115715,10.5248,0.8,93.6099,0.024146,0.148933,0.826921,0.402292
01:NL,2006,Male,65+,31409,10.5248,0.8,82.1523,0.102574,0.246361,0.651064,0.270946
01:NL,2006,Female,15-34,64114,10.5248,0.8,47.9856,0.161505,0.124213,0.714282,0.401908
01:NL,2006,Female,35-64,118962,10.5248,0.8,41.5898,0.080387,0.176772,0.74284,0.268426
01:NL,2006,Female,65+,38052,10.5248,0.8,30.1259,0.159123,0.27431,0.566567,0.137028
01:NL,2007,Male,15-34,62710,10.8836,0.8,100,0.111316,0.092724,0.79596,0.528644
01:NL,2007,Male,35-64,116018,10.8836,0.8,93.7162,0.030205,0.145321,0.824474,0.395186
01:NL,2007,Male,65+,32126,10.8836,0.8,82.4528,0.108667,0.242741,0.648592,0.263834
01:NL,2007,Female,15-34,62822,10.8836,0.8,48.8735,0.1675,0.12058,0.711919,0.394827
01:NL,2007,Female,35-64,119452,10.8836,0.8,42.5841,0.086453,0.173162,0.740385,0.261317
01:NL,2007,Female,65+,38948,10.8836,0.8,31.3152,0.165222,0.270692,0.564087,0.129913
01:NL,2008,Male,15-34,58458,11.1228,0.8,100,0.117088,0.089267,0.793645,0.521868
01:NL,2008,Male,35-64,118766,11.1228,0.8,93.8154,0.035998,0.141877,0.822125,0.388399
01:NL,2008,Male,65+,31605,11.1228,0.8,82.7324,0.114499,0.23929,0.646211,0.257039
01:NL,2008,Female,15-34,63053,11.1228,0.8,49.6921,0.173256,0.117121,0.709623,0.388056
01:NL,2008,Female,35-64,122124,11.1228,0.8,43.5021,0.092247,0.169717,0.738036,0.25453
01:NL,2008,Female,65+,37919,11.1228,0.8,32.4129,0.171052,0.26724,0.561708,0.123118
01:NL,2009,Male,15-34,60295,11.4816,0.8,100,0.119567,0.087788,0.792645,0.518962
01:NL,2009,Male,35-64,113810,11.4816,0.8,93.8562,0.038522,0.140409,0.821069,0.385476
01:NL,2009,Male,65+,31605,11.4816,0.8,82.848,0.117034,0.237819,0.645147,0.254114
01:NL,2009,Female,15-34,63360,11.4816,0.8,50.0349,0.175736,0.115642,0.708623,0.38515
01:NL,2009,Female,35-64,119510,11.4816,0.8,43.8857,0.094754,0.168247,0.736999,0.251612
01:NL,2009,Female,65+,38665,11.4816,0.8,32.8714,0.173587,0.26577,0.560643,0.120194
01:NL,2010,Male,15-34,60295,11.362,0.8,100,0.127839,0.082857,0.789304,0.509272
01:NL,2010,Male,35-64,113810,11.362,0.8,93.9913,0.046817,0.135493,0.81769,0.375774
01:NL,2010,Male,65+,31605,11.362,0.8,83.2269,0.125358,0.232888,0.641754,0.24441
01:NL,2010,Female,15-34,63360,11.362,0.8,51.145,0.18399,0.110707,0.705303,0.375465
01:NL,2010,Female,35-64,119510,11.362,0.8,45.1311,0.103029,0.163326,0.733645,0.241917
01:NL,2010,Female,65+,38665,11.362,0.8,34.3601,0.181909,0.260838,0.557254,0.110489
01:NL,2011,Male,15-34,60295,11.6012,0.8,100,0.12508,0.0845,0.79042,0.512503
01:NL,2011,Male,35-64,113810,11.6012,0.8,93.9465,0.04407,0.137136,0.818794,0.379001
01:NL,2011,Male,65+,31605,11.6012,0.8,83.0991,0.122685,0.234557,0.642758,0.247608
01:NL,2011,Female,15-34,63360,11.6012,0.8,50.7806,0.181234,0.11235,0.706415,0.378695
01:NL,2011,Female,35-64,119510,11.6012,0.8,44.7224,0.100271,0.164966,0.734763,0.245149
01:NL,2011,Female,65+,38665,11.6012,0.8,33.8678,0.179241,0.262507,0.558252,0.113687
01:NL,2012,Male,15-34,57700,11.362,0.8,100,0.128921,0.082196,0.788883,0.507988
01:NL,2012,Male,35-64,116085,11.362,0.8,94.0097,0.047882,0.134828,0.81729,0.374495
01:NL,2012,Male,65+,37535,11.362,0.8,83.2699,0.126627,0.232269,0.641103,0.243059
01:NL,2012,Female,15-34,54860,11.362,0.8,51.2902,0.185062,0.110042,0.704896,0.374184
01:NL,2012,Female,35-64,109835,11.362,0.8,45.294,0.1041,0.162662,0.733238,0.240636
01:NL,2012,Female,65+,42420,11.362,0.8,34.5476,0.183182,0.26022,0.556598,0.109138
01:NL,2013,Male,15-34,58985,10.6444,0.8,100,0.129457,0.081863,0.78868,0.507347
01:NL,2013,Male,35-64,109269,10.6444,0.8,94.0193,0.048393,0.13449,0.817117,0.373863
01:NL,2013,Male,65+,42122,10.6444,0.8,83.2914,0.127262,0.23196,0.640778,0.242383
01:NL,2013,Female,15-34,58440,10.6444,0.8,51.3628,0.185584,0.109707,0.704709,0.373548
01:NL,2013,Female,35-64,112837,10.6444,0.8,45.3748,0.104635,0.162329,0.733036,0.239996
01:NL,2013,Female,65+,49540,10.6444,0.8,34.641,0.183812,0.259909,0.556279,0.108464
01:NL,2014,Male,15-34,59558,10.6444,0.8,100,0.11321,0.091566,0.795225,0.526396
01:NL,2014,Male,35-64,110162,10.6444,0.8,93.7481,0.032151,0.144176,0.823673,0.392918
01:NL,2014,Male,65+,44765,10.6444,0.8,82.5283,0.111083,0.241707,0.64721,0.2614
01:NL,2014,Female,15-34,58650,10.6444,0.8,49.1525,0.169328,0.119407,0.711265,0.392602
01:NL,2014,Female,35-64,114179,10.6444,0.8,42.8923,0.088397,0.172016,0.739587,0.25905
01:NL,2014,Female,65+,51085,10.6444,0.8,31.6664,0.167646,0.269661,0.562693,0.127478
01:NL,2015,Male,15-34,60131,10.6444,0.8,100,0.114015,0.091068,0.794918,0.525435
01:NL,2015,Male,35-64,111056,10.6444,0.8,93.7632,0.032927,0.143673,0.8234,0.391967
01:NL,2015,Male,65+,47408,10.6444,0.8,82.564,0.111992,0.241233,0.646775,0.260402
01:NL,2015,Female,15-34,58860,10.6444,0.8,49.2703,0.17012,0.118906,0.710974,0.391646
01:NL,2015,Female,35-64,115520,10.6444,0.8,43.0246,0.089197,0.171518,0.739285,0.258091
01:NL,2015,Female,65+,52629,10.6444,0.8,31.8199,0.168554,0.269186,0.56226,0.12648
02:PE,2006,Male,15-34,17717,9.568,0.8,100,0.115049,0.094423,0.790527,0.469518
02:PE,2006,Male,35-64,28782,9.568,0.8,93.344,0.032135,0.146601,0.821264,0.336714
02:PE,2006,Male,65+,8822,9.568,0.8,81.1606,0.113345,0.244674,0.641981,0.204371
02:PE,2006,Female,15-34,17725,9.568,0.8,45.2229,0.171229,0.122279,0.706493,0.335702
02:PE,2006,Female,35-64,29681,9.568,0.8,38.5654,0.088256,0.174406,0.737338,0.202884
02:PE,2006,Female,65+,11295,9.568,0.8,26.3791,0.169719,0.27258,0.557701,0.070518
02:PE,2007,Male,15-34,17414,9.9268,0.8,100,0.117788,0.092775,0.789437,0.466295
02:PE,2007,Male,35-64,28932,9.9268,0.8,93.3988,0.034888,0.14496,0.820152,0.333483
02:PE,2007,Male,65+,9027,9.9268,0.8,81.3157,0.11611,0.243027,0.640864,0.20114
02:PE,2007,Female,15-34,17567,9.9268,0.8,45.6739,0.173973,0.120632,0.705395,0.332477
02:PE,2007,Female,35-64,29948,9.9268,0.8,39.0705,0.091014,0.172766,0.73622,0.199653
02:PE,2007,Female,65+,11507,9.9268,0.8,26.9845,0.172482,0.270934,0.556584,0.067287
02:PE,2008,Male,15-34,16445,9.9268,0.8,100,0.123835,0.089155,0.78701,0.459195
02:PE,2008,Male,35-64,31255,9.9268,0.8,93.5148,0.040948,0.14135,0.817701,0.326376
02:PE,2008,Male,65+,8760,9.9268,0.8,81.6474,0.12218,0.2394,0.638419,0.194036
02:PE,2008,Female,15-34,17208,9.9268,0.8,46.6399,0.180025,0.117013,0.702962,0.325375
02:PE,2008,Female,35-64,30416,9.9268,0.8,40.1539,0.097072,0.169156,0.733772,0.192546
02:PE,2008,Female,65+,10916,9.9268,0.8,28.2829,0.178553,0.267308,0.554138,0.060182
02:PE,2009,Male,15-34,16445,10.166,0.8,100,0.124385,0.088826,0.786789,0.45855
02:PE,2009,Male,35-64,28135,10.166,0.8,93.5246,0.041515,0.141026,0.817459,0.325724
02:PE,2009,Male,65+,8760,10.166,0.8,81.6764,0.122741,0.239073,0.638186,0.193387
02:PE,2009,Female,15-34,17295,10.166,0.8,46.7262,0.18057,0.116683,0.702747,0.324731
02:PE,2009,Female,35-64,29820,10.166,0.8,40.2493,0.097636,0.168832,0.733532,0.191894
02:PE,2009,Female,65+,11425,10.166,0.8,28.3982,0.179116,0.266981,0.553903,0.059532
02:PE,2010,Male,15-34,16445,9.9268,0.8,100,0.129073,0.086032,0.784895,0.453059
02:PE,2010,Male,35-64,28135,9.9268,0.8,93.6115,0.046202,0.138237,0.815561,0.320231
02:PE,2010,Male,65+,8760,9.9268,0.8,81.9244,0.127438,0.236273,0.63629,0.187895
02:PE,2010,Female,15-34,17295,9.9268,0.8,47.4479,0.185249,0.113887,0.700864,0.319243
02:PE,2010,Female,35-64,29820,9.9268,0.8,41.058,0.102326,0.166044,0.73163,0.186399
02:PE,2010,Female,65+,11425,9.9268,0.8,29.3673,0.183813,0.264181,0.552006,0.05404
02:PE,2011,Male,15-34,16445,9.568,0.8,100,0.124132,0.088995,0.786872,0.458865
02:PE,2011,Male,35-64,28135,9.568,0.8,93.5185,0.041276,0.141198,0.817526,0.326034
02:PE,2011,Male,65+,8760,9.568,0.8,81.6607,0.122497,0.239245,0.638258,0.193699
02:PE,2011,Female,15-34,17295,9.568,0.8,46.6834,0.180309,0.11685,0.702842,0.32505
02:PE,2011,Female,35-64,29820,9.568,0.8,40.1998,0.097409,0.169006,0.733584,0.1922
02:PE,2011,Female,65+,11425,9.568,0.8,28.3397,0.178872,0.267154,0.553974,0.059844
02:PE,2012,Male,15-34,16350,9.6876,0.8,100,0.11946,0.091793,0.788747,0.46435
02:PE,2012,Male,35-64,29410,9.6876,0.8,93.429,0.036601,0.143989,0.81941,0.331523
02:PE,2012,Male,65+,10140,9.6876,0.8,81.4045,0.117838,0.242056,0.640106,0.199177
02:PE,2012,Female,15-34,16950,9.6876,0.8,45.9407,0.175635,0.119647,0.704718,0.330536
02:PE,2012,Female,35-64,31645,9.6876,0.8,39.3667,0.092743,0.1718,0.735458,0.197686
02:PE,2012,Female,65+,12655,9.6876,0.8,27.3407,0.174212,0.269964,0.555825,0.065323
02:PE,2013,Male,15-34,17554,9.4484,0.8,100,0.120272,0.091297,0.788431,0.463387
02:PE,2013,Male,35-64,29412,9.4484,0.8,93.4451,0.037413,0.143493,0.819093,0.330559
02:PE,2013,Male,65+,11737,9.4484,0.8,81.4487,0.118689,0.241567,0.639744,0.1982
02:PE,2013,Female,15-34,18190,9.4484,0.8,46.0734,0.176455,0.119153,0.704393,0.32957
02:PE,2013,Female,35-64,31061,9.4484,0.8,39.5156,0.093558,0.171305,0.735136,0.196721
02:PE,2013,Female,65+,13236,9.4484,0.8,27.5177,0.175062,0.269475,0.555464,0.064346
02:PE,2014,Male,15-34,17356,9.4484,0.8,100,0.114768,0.094586,0.790646,0.469843
02:PE,2014,Male,35-64,29021,9.4484,0.8,93.3362,0.031915,0.146778,0.821308,0.337016
02:PE,2014,Male,65+,12360,9.4484,0.8,81.1397,0.113202,0.244871,0.641927,0.204647
02:PE,2014,Female,15-34,17772,9.4484,0.8,45.1774,0.170944,0.122441,0.706615,0.336029
02:PE,2014,Female,35-64,30908,9.4484,0.8,38.5106,0.088062,0.174589,0.73735,0.203178
02:PE,2014,Female,65+,13839,9.4484,0.8,26.3126,0.169576,0.272779,0.557644,0.070793
02:PE,2015,Male,15-34,17159,9.6876,0.8,100,0.114216,0.094915,0.790869,0.470489
02:PE,2015,Male,35-64,28630,9.6876,0.8,93.3251,0.031363,0.147106,0.821531,0.337663
02:PE,2015,Male,65+,12983,9.6876,0.8,81.1069,0.112671,0.245206,0.642123,0.205285
02:PE,2015,Female,15-34,17355,9.6876,0.8,45.0863,0.170391,0.122769,0.70684,0.336675
02:PE,2015,Female,35-64,30755,9.6876,0.8,38.4085,0.087513,0.174918,0.737569,0.203823
02:PE,2015,Female,65+,14441,9.6876,0.8,26.1888,0.169048,0.273114,0.557837,0.071431
03:NS,2006,Male,15-34,118176,9.568,0.8,100,0.112972,0.091095,0.795933,0.4905
03:NS,2006,Male,35-64,203874,9.568,0.8,93.2685,0.033259,0.143999,0.822742,0.35654
03:NS,2006,Male,65+,59129,9.568,0.8,81.4186,0.109094,0.240764,0.650142,0.22613
03:NS,2006,Female,15-34,121122,9.568,0.8,45.704,0.169264,0.118971,0.711765,0.356639
03:NS,2006,Female,35-64,209349,9.568,0.8,38.9688,0.089593,0.171859,0.738548,0.22264
03:NS,2006,Female,65+,78009,9.568,0.8,27.0939,0.166147,0.268831,0.565022,0.092023
03:NS,2007,Male,15-34,116760,9.8072,0.8,100,0.113186,0.090917,0.795897,0.490199
03:NS,2007,Male,35-64,203750,9.8072,0.8,93.2727,0.033529,0.143834,0.822637,0.356219
03:NS,2007,Male,65+,60438,9.8072,0.8,81.4291,0.109427,0.240613,0.649961,0.225787
03:NS,2007,Female,15-34,119469,9.8072,0.8,45.7507,0.169467,0.11879,0.711743,0.356342
03:NS,2007,Female,35-64,210277,9.8072,0.8,39.0168,0.089907,0.171704,0.738389,0.222303
03:NS,2007,Female,65+,79080,9.8072,0.8,27.1519,0.16647,0.268678,0.564852,0.091683
03:NS,2008,Male,15-34,109020,9.9268,0.8,100,0.115382,0.0896,0.795018,0.487618
03:NS,2008,Male,35-64,198805,9.9268,0.8,93.3159,0.035744,0.142523,0.821733,0.353631
03:NS,2008,Male,65+,57510,9.9268,0.8,81.5475,0.111704,0.239312,0.648983,0.223178
03:NS,2008,Female,15-34,112857,9.9268,0.8,46.1079,0.17161,0.117462,0.710928,0.35378
03:NS,2008,Female,35-64,217481,9.9268,0.8,39.4143,0.09213,0.170395,0.737475,0.219712
03:NS,2008,Female,65+,76056,9.9268,0.8,27.6247,0.16874,0.267376,0.563884,0.089077
03:NS,2009,Male,15-34,109020,9.9268,0.8,100,0.118714,0.087634,0.793652,0.483734
03:NS,2009,Male,35-64,196895,9.9268,0.8,93.3821,0.039038,0.140551,0.820411,0.349758
03:NS,2009,Male,65+,59420,9.9268,0.8,81.7242,0.115089,0.237355,0.647556,0.219276
03:NS,2009,Female,15-34,114420,9.9268,0.8,46.6325,0.174883,0.115483,0.709634,0.349916
03:NS,2009,Female,35-64,208485,9.9268,0.8,40.0016,0.095446,0.168429,0.736125,0.215831
03:NS,2009,Female,65+,78810,9.9268,0.8,28.3248,0.172117,0.265415,0.562468,0.085178
03:NS,2010,Male,15-34,109020,9.6876,0.8,100,0.118233,0.087977,0.79379,0.484355
03:NS,2010,Male,35-64,196895,9.6876,0.8,93.3727,0.038502,0.140883,0.820615,0.350399
03:NS,2010,Male,65+,59420,9.6876,0.8,81.6934,0.11462,0.237705,0.647675,0.219892
03:NS,2010,Female,15-34,114420,9.6876,0.8,46.5476,0.174308,0.115806,0.709886,0.35057
03:NS,2010,Female,35-64,208485,9.6876,0.8,39.9044,0.094924,0.168764,0.736312,0.216467
03:NS,2010,Female,65+,78810,9.6876,0.8,28.2062,0.171631,0.265762,0.562608,0.085801
03:NS,2011,Male,15-34,109020,9.568,0.8,100,0.11498,0.089962,0.795058,0.488211
03:NS,2011,Male,35-64,196895,9.568,0.8,93.3111,0.035188,0.14285,0.821963,0.354279
03:NS,2011,Male,65+,59420,9.568,0.8,81.5118,0.111414,0.239707,0.648879,0.22373
03:NS,2011,Female,15-34,114420,9.568,0.8,46.0252,0.170987,0.117775,0.711238,0.354451
03:NS,2011,Female,35-64,208485,9.568,0.8,39.3151,0.091629,0.170736,0.737636,0.22034
03:NS,2011,Female,65+,78810,9.568,0.8,27.4989,0.16841,0.26776,0.56383,0.089644
03:NS,2012,Male,15-34,109165,9.4484,0.8,100,0.111681,0.091936,0.796384,0.492084
03:NS,2012,Male,35-64,197715,9.4484,0.8,93.2478,0.031798,0.1448,0.823401,0.358185
03:NS,2012,Male,65+,67925,9.4484,0.8,81.3219,0.108258,0.241721,0.650021,0.22755
03:NS,2012,Female,15-34,111350,9.4484,0.8,45.491,0.16766,0.119742,0.712598,0.358334
03:NS,2012,Female,35-64,211900,9.4484,0.8,38.7167,0.088256,0.172689,0.739055,0.22424
03:NS,2012,Female,65+,85445,9.4484,0.8,26.7738,0.165253,0.269775,0.564972,0.093465
03:NS,2013,Male,15-34,114247,9.2092,0.8,100,0.109712,0.093077,0.79721,0.494358
03:NS,2013,Male,35-64,189957,9.2092,0.8,93.2109,0.029778,0.145928,0.824294,0.36048
03:NS,2013,Male,65+,80327,9.2092,0.8,81.2054,0.106476,0.24291,0.650613,0.229757
03:NS,2013,Female,15-34,117514,9.2092,0.8,45.1757,0.165682,0.120882,0.713436,0.360612
03:NS,2013,Female,35-64,201861,9.2092,0.8,38.3629,0.086259,0.173822,0.739919,0.226527
03:NS,2013,Female,65+,92792,9.2092,0.8,26.3418,0.163469,0.270964,0.565567,0.095674
03:NS,2014,Male,15-34,115579,9.2092,0.8,100,0.104445,0.096193,0.799362,0.500506
03:NS,2014,Male,35-64,188141,9.2092,0.8,93.1044,0.024478,0.149031,0.826491,0.366642
03:NS,2014,Male,65+,83594,9.2092,0.8,80.8975,0.101372,0.246074,0.652554,0.235844
03:NS,2014,Female,15-34,115098,9.2092,0.8,44.2972,0.160413,0.123996,0.715591,0.366761
03:NS,2014,Female,35-64,200739,9.2092,0.8,37.3759,0.080984,0.176931,0.742085,0.232679
03:NS,2014,Female,65+,95562,9.2092,0.8,25.1546,0.158362,0.274128,0.567509,0.101762
03:NS,2015,Male,15-34,116910,9.3288,0.8,100,0.103016,0.097003,0.799981,0.502139
03:NS,2015,Male,35-64,186324,9.3288,0.8,93.076,0.023037,0.149838,0.827125,0.36828
03:NS,2015,Male,65+,86861,9.3288,0.8,80.8093,0.100122,0.24693,0.652947,0.237412
03:NS,2015,Female,15-34,112682,9.3288,0.8,44.0615,0.159,0.12481,0.71619,0.368388
03:NS,2015,Female,35-64,199618,9.3288,0.8,37.1118,0.079556,0.17774,0.742704,0.234313
03:NS,2015,Female,65+,98332,9.3288,0.8,24.8315,0.157107,0.274983,0.56791,0.103333
04:NB,2006,Male,15-34,96157,8.4916,0.8,100,0.123721,0.085295,0.790984,0.469919
04:NB,2006,Male,35-64,162495,8.4916,0.8,92.6672,0.043188,0.138003,0.818808,0.336259
04:NB,2006,Male,65+,46519,8.4916,0.8,79.6335,0.120265,0.23502,0.644715,0.205404
04:NB,2006,Female,15-34,94328,8.4916,0.8,40.5517,0.17979,0.113118,0.707092,0.336132
04:NB,2006,Female,35-64,166040,8.4916,0.8,33.2084,0.099417,0.165834,0.734749,0.202389
04:NB,2006,Female,65+,61137,8.4916,0.8,20.153,0.177122,0.263037,0.559841,0.071362
04:NB,2007,Male,15-34,94868,8.4916,0.8,100,0.125591,0.084131,0.790278,0.46768
04:NB,2007,Male,35-64,163404,8.4916,0.8,92.7093,0.04515,0.136863,0.817987,0.333986
04:NB,2007,Male,65+,47832,8.4916,0.8,79.7561,0.122249,0.233881,0.64387,0.203124
04:NB,2007,Female,15-34,93069,8.4916,0.8,40.9259,0.181659,0.111955,0.706386,0.333892
04:NB,2007,Female,35-64,166874,8.4916,0.8,33.6248,0.101375,0.164692,0.733933,0.200117
04:NB,2007,Female,65+,62190,8.4916,0.8,20.6507,0.179096,0.261894,0.55901,0.069087
04:NB,2008,Male,15-34,88402,8.4916,0.8,100,0.126123,0.083798,0.79008,0.467041
04:NB,2008,Male,35-64,161190,8.4916,0.8,92.72,0.045736,0.136543,0.81772,0.333326
04:NB,2008,Male,65+,45243,8.4916,0.8,79.7899,0.122862,0.233566,0.643572,0.202456
04:NB,2008,Female,15-34,88709,8.4916,0.8,41.0333,0.182165,0.111617,0.706218,0.333262
04:NB,2008,Female,35-64,170600,8.4916,0.8,33.7413,0.101963,0.164373,0.733664,0.199457
04:NB,2008,Female,65+,60711,8.4916,0.8,20.7904,0.179693,0.261576,0.558731,0.068424
04:NB,2009,Male,15-34,89070,8.6112,0.8,100,0.126674,0.08347,0.789857,0.466395
04:NB,2009,Male,35-64,159275,8.6112,0.8,92.7306,0.046326,0.136224,0.81745,0.332666
04:NB,2009,Male,65+,46490,8.6112,0.8,79.8221,0.12348,0.233254,0.643266,0.201787
04:NB,2009,Female,15-34,90755,8.6112,0.8,41.1395,0.182693,0.111283,0.706025,0.332625
04:NB,2009,Female,35-64,165000,8.6112,0.8,33.8581,0.10254,0.164051,0.733409,0.198801
04:NB,2009,Female,65+,61145,8.6112,0.8,20.9288,0.180307,0.261262,0.558431,0.067757
04:NB,2010,Male,15-34,89070,8.4916,0.8,100,0.12751,0.082979,0.789511,0.465422
04:NB,2010,Male,35-64,159275,8.4916,0.8,92.7492,0.047179,0.135738,0.817083,0.331687
04:NB,2010,Male,65+,46490,8.4916,0.8,79.8735,0.124379,0.232777,0.642843,0.200792
04:NB,2010,Female,15-34,90755,8.4916,0.8,41.298,0.183483,0.110782,0.705735,0.331669
04:NB,2010,Female,35-64,165000,8.4916,0.8,34.0337,0.103403,0.163567,0.73303,0.197819
04:NB,2010,Female,65+,61145,8.4916,0.8,21.1372,0.181193,0.260783,0.558024,0.066767
04:NB,2011,Male,15-34,89070,8.0132,0.8,100,0.126679,0.083471,0.789851,0.466393
04:NB,2011,Male,35-64,159275,8.0132,0.8,92.729,0.046373,0.136235,0.817392,0.332649
04:NB,2011,Male,65+,46490,8.0132,0.8,79.8149,0.123643,0.233294,0.643063,0.201728
04:NB,2011,Female,15-34,90755,8.0132,0.8,41.1427,0.182623,0.111267,0.706109,0.332649
04:NB,2011,Female,35-64,165000,8.0132,0.8,33.8557,0.102593,0.164064,0.733343,0.198782
04:NB,2011,Female,65+,61145,8.0132,0.8,20.9232,0.180438,0.261295,0.558267,0.06771
04:NB,2012,Male,15-34,88020,7.8936,0.8,100,0.115923,0.089876,0.794202,0.478992
04:NB,2012,Male,35-64,165195,7.8936,0.8,92.4678,0.035618,0.14263,0.821752,0.345253
04:NB,2012,Male,65+,55265,7.8936,0.8,79.0809,0.113026,0.239749,0.647224,0.214273
04:NB,2012,Female,15-34,87840,7.8936,0.8,39.0233,0.171839,0.117666,0.710495,0.34526
04:NB,2012,Female,35-64,172895,7.8936,0.8,31.473,0.091862,0.170464,0.737674,0.211379
04:NB,2012,Female,65+,68365,7.8936,0.8,18.067,0.169819,0.267752,0.562429,0.080257
04:NB,2013,Male,15-34,91888,7.774,0.8,100,0.11229,0.092001,0.795709,0.483209
04:NB,2013,Male,35-64,155413,7.774,0.8,92.3773,0.031979,0.14475,0.823271,0.349474
04:NB,2013,Male,65+,60374,7.774,0.8,78.8187,0.109568,0.241922,0.64851,0.218425
04:NB,2013,Female,15-34,89020,7.774,0.8,38.2835,0.168204,0.119789,0.712007,0.349478
04:NB,2013,Female,35-64,162550,7.774,0.8,30.6407,0.08825,0.172589,0.739161,0.21559
04:NB,2013,Female,65+,72127,7.774,0.8,17.0654,0.166354,0.269923,0.563724,0.084413
04:NB,2014,Male,15-34,90470,7.8936,0.8,100,0.11114,0.092647,0.796213,0.484518
04:NB,2014,Male,35-64,154069,7.8936,0.8,92.3488,0.030814,0.145391,0.823795,0.350789
04:NB,2014,Male,65+,64912,7.8936,0.8,78.7313,0.108584,0.24261,0.648806,0.219675
04:NB,2014,Female,15-34,86420,7.8936,0.8,38.0542,0.167037,0.120432,0.712531,0.350793
04:NB,2014,Female,35-64,160955,7.8936,0.8,30.3812,0.087102,0.173235,0.739664,0.216899
04:NB,2014,Female,65+,75333,7.8936,0.8,16.7477,0.165364,0.270609,0.564027,0.085664
04:NB,2015,Male,15-34,89051,8.1328,0.8,100,0.112735,0.091649,0.795616,0.482601
04:NB,2015,Male,35-64,152725,8.1328,0.8,92.3919,0.032403,0.144392,0.823205,0.348874
04:NB,2015,Male,65+,69451,8.1328,0.8,78.8435,0.110346,0.241648,0.648006,0.217699
04:NB,2015,Female,15-34,83820,8.1328,0.8,38.4029,0.168626,0.119432,0.711942,0.348878
04:NB,2015,Female,35-64,159360,8.1328,0.8,30.7723,0.088714,0.172241,0.739046,0.214975
04:NB,2015,Female,65+,78539,8.1328,0.8,17.2088,0.167119,0.269646,0.563235,0.083691
05:QC,2006,Male,15-34,1020905,10.166,0.8,100,0.072655,0.041939,0.885406,0.46671
05:QC,2006,Male,35-64,1662032,10.166,0.8,92.2723,0.016736,0.100025,0.883239,0.324148
05:QC,2006,Male,65+,454318,10.166,0.8,82.335,0.047099,0.185926,0.766975,0.210201
05:QC,2006,Female,15-34,973647,10.166,0.8,45.8065,0.12661,0.069269,0.804122,0.333627
05:QC,2006,Female,35-64,1663932,10.166,0.8,37.9905,0.072985,0.127885,0.799129,0.190303
05:QC,2006,Female,65+,606446,10.166,0.8,27.7832,0.109479,0.215179,0.675342,0.07403
05:QC,2007,Male,15-34,1031720,10.166,0.8,100,0.076957,0.039743,0.8833,0.462024
05:QC,2007,Male,35-64,1674080,10.166,0.8,92.3566,0.021101,0.097837,0.881062,0.319443
05:QC,2007,Male,65+,469588,10.166,0.8,82.5248,0.051577,0.18379,0.764632,0.205446
05:QC,2007,Female,15-34,987582,10.166,0.8,46.4075,0.131048,0.067104,0.801848,0.328892
05:QC,2007,Female,35-64,1668748,10.166,0.8,38.6957,0.077043,0.12563,0.797327,0.18571
05:QC,2007,Female,65+,623473,10.166,0.8,28.5809,0.114044,0.213062,0.672893,0.069247
05:QC,2008,Male,15-34,923969,10.4052,0.8,100,0.076835,0.04016,0.883005,0.462515
05:QC,2008,Male,35-64,1681552,10.4052,0.8,92.3399,0.021033,0.098274,0.880694,0.319913
05:QC,2008,Male,65+,443029,10.4052,0.8,82.4794,0.051775,0.184295,0.76393,0.20582
05:QC,2008,Female,15-34,943071,10.4052,0.8,46.3033,0.131124,0.067565,0.801311,0.329314
05:QC,2008,Female,35-64,1708810,10.4052,0.8,38.5973,0.076619,0.125987,0.797394,0.18631
05:QC,2008,Female,65+,597873,10.4052,0.8,28.4343,0.114338,0.213592,0.67207,0.06959
05:QC,2009,Male,15-34,958760,10.5248,0.8,100,0.08259,0.03716,0.880249,0.456186
05:QC,2009,Male,35-64,1633430,10.5248,0.8,92.455,0.026804,0.09527,0.877926,0.313582
05:QC,2009,Male,65+,456360,10.5248,0.8,82.7326,0.05777,0.181375,0.760855,0.199398
05:QC,2009,Female,15-34,948615,10.5248,0.8,47.1073,0.136944,0.064582,0.798474,0.322963
05:QC,2009,Female,35-64,1672535,10.5248,0.8,39.535,0.082014,0.122901,0.795086,0.180117
05:QC,2009,Female,65+,623925,10.5248,0.8,29.4967,0.120413,0.210688,0.668899,0.063144
05:QC,2010,Male,15-34,958760,10.4052,0.8,100,0.086837,0.034951,0.878212,0.451521
05:QC,2010,Male,35-64,1633430,10.4052,0.8,92.5283,0.031282,0.093106,0.875611,0.308836
05:QC,2010,Male,65+,456360,10.4052,0.8,82.9025,0.062481,0.179292,0.758228,0.194559
05:QC,2010,Female,15-34,948615,10.4052,0.8,47.6807,0.14133,0.062404,0.796266,0.318248
05:QC,2010,Female,35-64,1672535,10.4052,0.8,40.2026,0.086135,0.120659,0.793205,0.1755
05:QC,2010,Female,65+,623925,10.4052,0.8,30.2473,0.125192,0.20862,0.666187,0.058286
05:QC,2011,Male,15-34,958760,10.6444,0.8,100,0.084056,0.036804,0.87914,0.454986
05:QC,2011,Male,35-64,1633430,10.6444,0.8,92.4511,0.02876,0.095029,0.876211,0.312203
05:QC,2011,Male,65+,456360,10.6444,0.8,82.7201,0.060422,0.181319,0.758259,0.197763
05:QC,2011,Female,15-34,948615,10.6444,0.8,47.2098,0.138678,0.064285,0.797038,0.321668
05:QC,2011,Female,35-64,1672535,10.6444,0.8,39.6709,0.083324,0.122518,0.794158,0.178973
05:QC,2011,Female,65+,623925,10.6444,0.8,29.5968,0.123134,0.210653,0.666214,0.061494
05:QC,2012,Male,15-34,1007475,10.4052,0.8,100,0.089136,0.033882,0.876981,0.449124
05:QC,2012,Male,35-64,1678715,10.4052,0.8,92.5501,0.034041,0.09214,0.873819,0.306274
05:QC,2012,Male,65+,546925,10.4052,0.8,82.9251,0.066472,0.178637,0.754891,0.191546
05:QC,2012,Female,15-34,995795,10.4052,0.8,47.959,0.143714,0.061355,0.794931,0.315823
05:QC,2012,Female,35-64,1704695,10.4052,0.8,40.5212,0.088518,0.119612,0.79187,0.173076
05:QC,2012,Female,65+,710765,10.4052,0.8,30.5565,0.129125,0.207956,0.662919,0.055303
05:QC,2013,Male,15-34,1058891,10.166,0.8,100,0.085191,0.036156,0.878654,0.453681
05:QC,2013,Male,35-64,1663532,10.166,0.8,92.4522,0.030452,0.094503,0.875045,0.310697
05:QC,2013,Male,65+,617540,10.166,0.8,82.6865,0.063729,0.181189,0.755083,0.195669
05:QC,2013,Female,15-34,1019206,10.166,0.8,47.3768,0.139835,0.063642,0.796524,0.320356
05:QC,2013,Female,35-64,1664586,10.166,0.8,39.8455,0.084893,0.121965,0.793142,0.177514
05:QC,2013,Female,65+,718134,10.166,0.8,29.7384,0.12629,0.21049,0.66322,0.059463
05:QC,2014,Male,15-34,1051599,10.166,0.8,100,0.079339,0.039359,0.881303,0.460268
05:QC,2014,Male,35-64,1668786,10.166,0.8,92.3062,0.025176,0.097845,0.876979,0.317069
05:QC,2014,Male,65+,658290,10.166,0.8,82.3466,0.059369,0.18473,0.755901,0.201718
05:QC,2014,Female,15-34,1019113,10.166,0.8,46.5275,0.134069,0.06686,0.79907,0.326912
05:QC,2014,Female,35-64,1661986,10.166,0.8,38.8541,0.079612,0.125305,0.795083,0.183889
05:QC,2014,Female,65+,760123,10.166,0.8,28.5519,0.121846,0.21402,0.664134,0.065546
05:QC,2015,Male,15-34,1044307,10.166,0.8,100,0.079298,0.038906,0.881795,0.459836
05:QC,2015,Male,35-64,1674040,10.166,0.8,92.2851,0.025993,0.097575,0.876431,0.316326
05:QC,2015,Male,65+,699040,10.166,0.8,82.3114,0.060961,0.18465,0.754389,0.200694
05:QC,2015,Female,15-34,1019020,10.166,0.8,46.6234,0.134116,0.066425,0.799459,0.326446
05:QC,2015,Female,35-64,1659386,10.166,0.8,38.9331,0.080418,0.125034,0.794547,0.183151
05:QC,2015,Female,65+,802111,10.166,0.8,28.6212,0.123347,0.213921,0.662732,0.064559
06:ON,2006,Male,15-34,1734817,9.3288,0.8,100,0.118729,0.059975,0.821296,0.432383
06:ON,2006,Male,35-64,2647753,9.3288,0.8,91.3226,0.074597,0.120774,0.804629,0.285612
06:ON,2006,Male,65+,714278,9.3288,0.8,82.2054,0.073653,0.199317,0.72703,0.182905
06:ON,2006,Female,15-34,1707445,9.3288,0.8,42.7279,0.173549,0.087494,0.738957,0.298992
06:ON,2006,Female,35-64,2666926,9.3288,0.8,33.962,0.131732,0.148875,0.719393,0.151499
06:ON,2006,Female,65+,934824,9.3288,0.8,24.4625,0.138819,0.229209,0.631972,0.045674
06:ON,2007,Male,15-34,1732879,9.4484,0.8,100,0.118371,0.060121,0.821508,0.432736
06:ON,2007,Male,35-64,2677520,9.4484,0.8,91.2547,0.075603,0.121229,0.803168,0.285473
06:ON,2007,Male,65+,733660,9.4484,0.8,82.1502,0.074206,0.199678,0.726116,0.182927
06:ON,2007,Female,15-34,1721546,9.4484,0.8,42.6492,0.173889,0.087791,0.73832,0.299096
06:ON,2007,Female,35-64,2705031,9.4484,0.8,33.8308,0.133113,0.149418,0.717468,0.151232
06:ON,2007,Female,65+,953808,9.4484,0.8,24.36,0.139364,0.229571,0.631065,0.045703
06:ON,2008,Male,15-34,1499398,9.3288,0.8,100,0.120189,0.059174,0.820637,0.430737
06:ON,2008,Male,35-64,2602719,9.3288,0.8,91.2585,0.078373,0.120491,0.801136,0.283136
06:ON,2008,Male,65+,694758,9.3288,0.8,82.2051,0.076825,0.198935,0.72424,0.180633
06:ON,2008,Female,15-34,1540843,9.3288,0.8,42.92,0.176228,0.086957,0.736815,0.296913
06:ON,2008,Female,35-64,2707360,9.3288,0.8,34.1096,0.136314,0.148782,0.714905,0.148745
06:ON,2008,Female,65+,904427,9.3288,0.8,24.712,0.14197,0.228825,0.629205,0.043419
06:ON,2009,Male,15-34,1570185,9.2092,0.8,100,0.118914,0.060238,0.820848,0.432541
06:ON,2009,Male,35-64,2509160,9.2092,0.8,91.1904,0.077569,0.121673,0.800758,0.284766
06:ON,2009,Male,65+,717530,9.2092,0.8,82.0813,0.076196,0.200156,0.723648,0.182203
06:ON,2009,Female,15-34,1595835,9.2092,0.8,42.5996,0.175274,0.088091,0.736635,0.298604
06:ON,2009,Female,35-64,2625130,9.2092,0.8,33.7106,0.136047,0.150089,0.713864,0.150188
06:ON,2009,Female,65+,931665,9.2092,0.8,24.2779,0.14136,0.230056,0.628585,0.044986
06:ON,2010,Male,15-34,1570185,9.0896,0.8,100,0.117575,0.061733,0.820692,0.434816
06:ON,2010,Male,35-64,2509160,9.0896,0.8,91.1183,0.076374,0.123222,0.800404,0.286985
06:ON,2010,Male,65+,717530,9.0896,0.8,81.9395,0.075056,0.201712,0.723232,0.184406
06:ON,2010,Female,15-34,1595835,9.0896,0.8,42.1754,0.173938,0.089588,0.736474,0.300882
06:ON,2010,Female,35-64,2625130,9.0896,0.8,33.1933,0.135323,0.15175,0.712927,0.152243
06:ON,2010,Female,65+,931665,9.0896,0.8,23.709,0.140248,0.231624,0.628127,0.047183
06:ON,2011,Male,15-34,1570185,9.0896,0.8,100,0.116515,0.063065,0.82042,0.436767
06:ON,2011,Male,35-64,2509160,9.0896,0.8,91.0671,0.075138,0.124535,0.800327,0.288994
06:ON,2011,Male,65+,717530,9.0896,0.8,81.8046,0.074365,0.203149,0.722486,0.186222
06:ON,2011,Female,15-34,1595835,9.0896,0.8,41.7979,0.172842,0.090916,0.736243,0.302848
06:ON,2011,Female,35-64,2625130,9.0896,0.8,32.7475,0.134433,0.153144,0.712423,0.154132
06:ON,2011,Female,65+,931665,9.0896,0.8,23.1915,0.13957,0.233069,0.627361,0.048999
06:ON,2012,Male,15-34,1659555,9.0896,0.8,100,0.117448,0.063487,0.819065,0.436656
06:ON,2012,Male,35-64,2652960,9.0896,0.8,91.0852,0.075377,0.124816,0.799807,0.289132
06:ON,2012,Male,65+,833115,9.0896,0.8,81.7495,0.075919,0.203752,0.72033,0.185881
06:ON,2012,Female,15-34,1672470,9.0896,0.8,41.7341,0.173372,0.091254,0.735374,0.302885
06:ON,2012,Female,35-64,2807730,9.0896,0.8,32.6796,0.134764,0.153448,0.711788,0.154239
06:ON,2012,Female,65+,1045215,9.0896,0.8,23.0507,0.141203,0.233696,0.625101,0.048638
06:ON,2013,Male,15-34,1853500,8.7308,0.8,100,0.117162,0.064317,0.818521,0.437656
06:ON,2013,Male,35-64,2701345,8.7308,0.8,91.0694,0.07466,0.125564,0.799776,0.290283
06:ON,2013,Male,65+,971423,8.7308,0.8,81.6321,0.076636,0.204841,0.718523,0.186515
06:ON,2013,Female,15-34,1824005,8.7308,0.8,41.5135,0.172931,0.092053,0.735016,0.303943
06:ON,2013,Female,35-64,2809746,8.7308,0.8,32.4227,0.13433,0.154263,0.711407,0.155291
06:ON,2013,Female,65+,1118234,8.7308,0.8,22.7007,0.142031,0.234818,0.623151,0.04924
06:ON,2014,Male,15-34,1849299,8.7308,0.8,100,0.109876,0.069223,0.820901,0.446774
06:ON,2014,Male,35-64,2678432,8.7308,0.8,90.8455,0.067021,0.130435,0.802544,0.299512
06:ON,2014,Male,65+,1031545,8.7308,0.8,81.0975,0.070344,0.209973,0.719683,0.195283
06:ON,2014,Female,15-34,1830689,8.7308,0.8,39.9617,0.165421,0.096911,0.737668,0.313144
06:ON,2014,Female,35-64,2832928,8.7308,0.8,30.62,0.126962,0.1592,0.713838,0.164424
06:ON,2014,Female,65+,1149729,8.7308,0.8,20.587,0.135843,0.239992,0.624165,0.057975
06:ON,2015,Male,15-34,1845098,8.97,0.8,100,0.109179,0.069966,0.820855,0.447921
06:ON,2015,Male,35-64,2655519,8.97,0.8,90.8128,0.066259,0.131173,0.802568,0.300679
06:ON,2015,Male,65+,1091667,8.97,0.8,80.9718,0.070785,0.210999,0.718216,0.196017
06:ON,2015,Female,15-34,1837372,8.97,0.8,39.7409,0.164522,0.09761,0.737868,0.314364
06:ON,2015,Female,35-64,2856110,8.97,0.8,30.3478,0.126393,0.159985,0.713623,0.165525
06:ON,2015,Female,65+,1181224,8.97,0.8,20.2239,0.136408,0.241052,0.62254,0.058672
07:MB,2006,Male,15-34,164836,9.568,0.8,100,0.103225,0.070796,0.82598,0.478089
07:MB,2006,Male,35-64,237360,9.568,0.8,93.0644,0.02302,0.123563,0.853417,0.344334
07:MB,2006,Male,65+,68769,9.568,0.8,80.8544,0.097741,0.21995,0.682309,0.214293
07:MB,2006,Female,15-34,157663,9.568,0.8,43.8745,0.159038,0.098558,0.742405,0.344385
07:MB,2006,Female,35-64,233587,9.568,0.8,36.9328,0.078914,0.15131,0.769776,0.210577
07:MB,2006,Female,65+,92634,9.568,0.8,24.6718,0.154955,0.248042,0.597002,0.080108
07:MB,2007,Male,15-34,165031,9.6876,0.8,100,0.110379,0.066525,0.823096,0.469694
07:MB,2007,Male,35-64,239111,9.6876,0.8,93.2115,0.030234,0.119312,0.850454,0.335914
07:MB,2007,Male,65+,69511,9.6876,0.8,81.2679,0.104926,0.215678,0.679396,0.20589
07:MB,2007,Female,15-34,159291,9.6876,0.8,45.0866,0.166253,0.094301,0.739447,0.335968
07:MB,2007,Female,35-64,235245,9.6876,0.8,38.2943,0.086121,0.147058,0.76682,0.202159
07:MB,2007,Female,65+,93017,9.6876,0.8,26.3009,0.162124,0.243765,0.59411,0.07171
07:MB,2008,Male,15-34,151425,9.8072,0.8,100,0.113704,0.064559,0.821736,0.465812
07:MB,2008,Male,35-64,231829,9.8072,0.8,93.2763,0.033602,0.117359,0.849039,0.332014
07:MB,2008,Male,65+,67576,9.8072,0.8,81.4522,0.108278,0.213714,0.678008,0.201998
07:MB,2008,Female,15-34,149266,9.8072,0.8,45.626,0.16964,0.092348,0.738012,0.332063
07:MB,2008,Female,35-64,238118,9.8072,0.8,38.9031,0.089469,0.145101,0.76543,0.198266
07:MB,2008,Female,65+,91260,9.8072,0.8,27.0289,0.165465,0.241799,0.592737,0.067823
07:MB,2009,Male,15-34,151425,9.8072,0.8,100,0.11652,0.06293,0.82055,0.46256
07:MB,2009,Male,35-64,227025,9.8072,0.8,93.3311,0.036421,0.115734,0.847845,0.32876
07:MB,2009,Male,65+,69260,9.8072,0.8,81.6033,0.111091,0.212083,0.676826,0.198748
07:MB,2009,Female,15-34,151125,9.8072,0.8,46.0675,0.172505,0.09073,0.736765,0.328793
07:MB,2009,Female,35-64,231765,9.8072,0.8,39.4007,0.09228,0.143476,0.764244,0.195014
07:MB,2009,Female,65+,92635,9.8072,0.8,27.6247,0.168248,0.24016,0.591592,0.064584
07:MB,2010,Male,15-34,151425,9.6876,0.8,100,0.117977,0.062126,0.819897,0.460916
07:MB,2010,Male,35-64,227025,9.6876,0.8,93.3587,0.03787,0.114931,0.847199,0.327118
07:MB,2010,Male,65+,69260,9.6876,0.8,81.679,0.112528,0.211274,0.676197,0.197112
07:MB,2010,Female,15-34,151125,9.6876,0.8,46.2836,0.174,0.089935,0.736065,0.327137
07:MB,2010,Female,35-64,231765,9.6876,0.8,39.6452,0.093746,0.142676,0.763579,0.193367
07:MB,2010,Female,65+,92635,9.6876,0.8,27.9188,0.169661,0.239347,0.590992,0.062957
07:MB,2011,Male,15-34,151425,9.8072,0.8,100,0.115309,0.063787,0.820905,0.464115
07:MB,2011,Male,35-64,227025,9.8072,0.8,93.3033,0.035207,0.116591,0.848202,0.330316
07:MB,2011,Male,65+,69260,9.8072,0.8,81.5273,0.109853,0.212939,0.677208,0.200313
07:MB,2011,Female,15-34,151125,9.8072,0.8,45.8396,0.171365,0.091603,0.737032,0.330324
07:MB,2011,Female,35-64,231765,9.8072,0.8,39.1473,0.091086,0.144337,0.764577,0.196564
07:MB,2011,Female,65+,92635,9.8072,0.8,27.3258,0.166958,0.241005,0.592038,0.066167
07:MB,2012,Male,15-34,162010,9.6876,0.8,100,0.117928,0.062339,0.819732,0.461158
07:MB,2012,Male,35-64,238645,9.6876,0.8,93.3556,0.037726,0.115125,0.847149,0.327393
07:MB,2012,Male,65+,75280,9.6876,0.8,81.6624,0.112461,0.21149,0.67605,0.197361
07:MB,2012,Female,15-34,160575,9.6876,0.8,46.235,0.173943,0.090147,0.735909,0.327382
07:MB,2012,Female,35-64,243425,9.6876,0.8,39.5921,0.093643,0.14288,0.763477,0.193628
07:MB,2012,Female,65+,97170,9.6876,0.8,27.8559,0.169539,0.239548,0.590913,0.063225
07:MB,2013,Male,15-34,180887,9.2092,0.8,100,0.114496,0.064505,0.820999,0.465303
07:MB,2013,Male,35-64,242291,9.2092,0.8,93.2892,0.034197,0.117268,0.848536,0.331575
07:MB,2013,Male,65+,85047,9.2092,0.8,81.4656,0.109014,0.213661,0.677326,0.20151
07:MB,2013,Female,15-34,173919,9.2092,0.8,45.6589,0.170457,0.092302,0.737241,0.331547
07:MB,2013,Female,35-64,241410,9.2092,0.8,38.9452,0.090142,0.145029,0.764828,0.1978
07:MB,2013,Female,65+,100687,9.2092,0.8,27.081,0.166076,0.241716,0.592208,0.067381
07:MB,2014,Male,15-34,181366,9.2092,0.8,100,0.103067,0.071433,0.8255,0.478818
07:MB,2014,Male,35-64,240813,9.2092,0.8,93.0507,0.022715,0.124174,0.853111,0.345113
07:MB,2014,Male,65+,89244,9.2092,0.8,80.8005,0.097571,0.220603,0.681825,0.215026
07:MB,2014,Female,15-34,175126,9.2092,0.8,43.7105,0.158993,0.099222,0.741785,0.345076
07:MB,2014,Female,35-64,242355,9.2092,0.8,36.7558,0.078695,0.151942,0.769363,0.211327
07:MB,2014,Female,65+,102906,9.2092,0.8,24.4652,0.154618,0.248656,0.596726,0.080903
07:MB,2015,Male,15-34,181846,9.3288,0.8,100,0.104003,0.070964,0.825033,0.47781
07:MB,2015,Male,35-64,239335,9.3288,0.8,93.0712,0.023582,0.123691,0.852727,0.344129
07:MB,2015,Male,65+,93440,9.3288,0.8,80.8486,0.098519,0.220139,0.681342,0.214014
07:MB,2015,Female,15-34,176332,9.3288,0.8,43.853,0.159892,0.098745,0.741364,0.344081
07:MB,2015,Female,35-64,243300,9.3288,0.8,36.9157,0.079595,0.151467,0.768937,0.210331
07:MB,2015,Female,65+,105126,9.3288,0.8,24.6552,0.155545,0.248187,0.596268,0.079899
08:SK,2006,Male,15-34,138256,8.97,0.8,100,0.074085,0.104608,0.821307,0.489795
08:SK,2006,Male,35-64,190899,8.97,0.8,92.8244,0.009009,0.154669,0.836322,0.356347
08:SK,2006,Male,65+,64989,8.97,0.8,80.0413,0.069552,0.254134,0.676314,0.225645
08:SK,2006,Female,15-34,133860,8.97,0.8,41.6137,0.130059,0.13241,0.737531,0.356047
08:SK,2006,Female,35-64,190547,8.97,0.8,34.4294,0.049101,0.184955,0.765945,0.222537
08:SK,2006,Female,65+,83408,8.97,0.8,21.6107,0.126575,0.282193,0.591232,0.091545
08:SK,2007,Male,15-34,140089,9.4484,0.8,100,0.080215,0.101007,0.818778,0.482665
08:SK,2007,Male,35-64,193882,9.4484,0.8,92.9589,0.012889,0.151479,0.835632,0.349199
08:SK,2007,Male,65+,65356,9.4484,0.8,80.4241,0.075626,0.250513,0.673861,0.218538
08:SK,2007,Female,15-34,135680,9.4484,0.8,42.7267,0.136189,0.128809,0.735002,0.348918
08:SK,2007,Female,35-64,192482,9.4484,0.8,35.6793,0.055226,0.18136,0.763413,0.215406
08:SK,2007,Female,65+,83725,9.4484,0.8,23.1073,0.132646,0.27857,0.588784,0.084439
08:SK,2008,Male,15-34,125911,9.6876,0.8,100,0.089162,0.095777,0.815061,0.472284
08:SK,2008,Male,35-64,189009,9.6876,0.8,93.148,0.008158,0.148362,0.84348,0.33881
08:SK,2008,Male,65+,64345,9.6876,0.8,80.958,0.084456,0.245244,0.6703,0.208203
08:SK,2008,Female,15-34,125373,9.6876,0.8,44.2726,0.145092,0.12357,0.731338,0.338552
08:SK,2008,Female,35-64,193255,9.6876,0.8,37.4153,0.064127,0.17613,0.759743,0.205036
08:SK,2008,Female,65+,82557,9.6876,0.8,25.1868,0.141475,0.273301,0.585223,0.074103
08:SK,2009,Male,15-34,127995,9.9268,0.8,100,0.094297,0.092857,0.812846,0.466409
08:SK,2009,Male,35-64,186205,9.9268,0.8,93.2501,0.013282,0.145448,0.84127,0.332934
08:SK,2009,Male,65+,65065,9.9268,0.8,81.2485,0.089437,0.242285,0.668278,0.202384
08:SK,2009,Female,15-34,127330,9.9268,0.8,45.1052,0.150182,0.120641,0.729177,0.332692
08:SK,2009,Female,35-64,189615,9.9268,0.8,38.3516,0.069174,0.173198,0.757628,0.199189
08:SK,2009,Female,65+,84240,9.9268,0.8,26.3083,0.146447,0.270339,0.583214,0.068287
08:SK,2010,Male,15-34,127995,9.6876,0.8,100,0.100498,0.089272,0.810231,0.459254
08:SK,2010,Male,35-64,186205,9.6876,0.8,93.3695,0.0195,0.141874,0.838627,0.32577
08:SK,2010,Male,65+,65065,9.6876,0.8,81.5895,0.095521,0.238666,0.665812,0.195273
08:SK,2010,Female,15-34,127330,9.6876,0.8,46.0894,0.156357,0.117051,0.726592,0.325546
08:SK,2010,Female,35-64,189615,9.6876,0.8,39.4575,0.075323,0.16961,0.755066,0.192049
08:SK,2010,Female,65+,84240,9.6876,0.8,27.6336,0.152526,0.266719,0.580755,0.061178
08:SK,2011,Male,15-34,127995,9.9268,0.8,100,0.094575,0.092918,0.812507,0.466309
08:SK,2011,Male,35-64,186205,9.9268,0.8,93.247,0.013611,0.145524,0.840864,0.332814
08:SK,2011,Male,65+,65065,9.9268,0.8,81.2544,0.08951,0.242303,0.668187,0.202358
08:SK,2011,Female,15-34,127330,9.9268,0.8,45.1016,0.150393,0.120688,0.728919,0.332617
08:SK,2011,Female,35-64,189615,9.9268,0.8,38.3472,0.069379,0.173247,0.757374,0.199114
08:SK,2011,Female,65+,84240,9.9268,0.8,26.3099,0.146491,0.270349,0.58316,0.068272
08:SK,2012,Male,15-34,142275,9.9268,0.8,100,0.098894,0.090493,0.810613,0.461398
08:SK,2012,Male,35-64,199980,9.9268,0.8,93.3327,0.017852,0.143088,0.83906,0.327928
08:SK,2012,Male,65+,68295,9.9268,0.8,81.4892,0.093722,0.239852,0.666426,0.197487
08:SK,2012,Female,15-34,137825,9.9268,0.8,45.7771,0.15464,0.118249,0.727112,0.327732
08:SK,2012,Female,35-64,201745,9.9268,0.8,39.1061,0.073595,0.170805,0.7556,0.194238
08:SK,2012,Female,65+,85405,9.9268,0.8,27.2177,0.150687,0.267894,0.58142,0.063407
08:SK,2013,Male,15-34,157833,9.6876,0.8,100,0.100984,0.089378,0.809638,0.459079
08:SK,2013,Male,35-64,198747,9.6876,0.8,93.3712,0.019907,0.141968,0.838125,0.325621
08:SK,2013,Male,65+,77759,9.6876,0.8,81.5969,0.095727,0.238717,0.665555,0.195199
08:SK,2013,Female,15-34,150187,9.6876,0.8,46.0846,0.156691,0.117126,0.726183,0.325428
08:SK,2013,Female,35-64,197488,9.6876,0.8,39.4536,0.075604,0.169676,0.754721,0.191948
08:SK,2013,Female,65+,88955,9.6876,0.8,27.6332,0.152678,0.266756,0.580567,0.061124
08:SK,2014,Male,15-34,162244,9.9268,0.8,100,0.098884,0.090716,0.810401,0.461625
08:SK,2014,Male,35-64,204906,9.9268,0.8,93.3265,0.017824,0.14331,0.838867,0.328162
08:SK,2014,Male,65+,79054,9.9268,0.8,81.4757,0.093603,0.240055,0.666342,0.197754
08:SK,2014,Female,15-34,153230,9.9268,0.8,45.7282,0.154573,0.118459,0.726968,0.327981
08:SK,2014,Female,35-64,202084,9.9268,0.8,39.0526,0.073496,0.171012,0.755493,0.194497
08:SK,2014,Female,65+,88251,9.9268,0.8,27.1554,0.150534,0.268089,0.581377,0.063686
08:SK,2015,Male,15-34,166654,10.6444,0.8,100,0.103035,0.088255,0.80871,0.456775
08:SK,2015,Male,35-64,211066,10.6444,0.8,93.407,0.021997,0.140857,0.837146,0.323301
08:SK,2015,Male,65+,80348,10.6444,0.8,81.6991,0.097822,0.237605,0.664573,0.19288
08:SK,2015,Female,15-34,156274,10.6444,0.8,46.3891,0.158733,0.116,0.725267,0.323127
08:SK,2015,Female,35-64,206680,10.6444,0.8,39.794,0.07768,0.168562,0.753758,0.189633
08:SK,2015,Female,65+,87547,10.6444,0.8,28.0417,0.154724,0.265632,0.579644,0.058823
09:AB,2006,Male,15-34,541158,11.6012,0.8,100,0.10926,0.073838,0.816902,0.438389
09:AB,2006,Male,35-64,705051,11.6012,0.8,93.5567,0.032909,0.127507,0.839584,0.303218
09:AB,2006,Male,65+,158215,11.6012,0.8,83.1221,0.09142,0.220041,0.688539,0.179035
09:AB,2006,Female,15-34,497709,11.6012,0.8,49.1653,0.16351,0.101262,0.735228,0.305246
09:AB,2006,Female,35-64,677282,11.6012,0.8,42.6952,0.087827,0.155044,0.757129,0.169832
09:AB,2006,Female,65+,195813,11.6012,0.8,32.1508,0.149123,0.248227,0.602649,0.044638
09:AB,2007,Male,15-34,559117,11.6012,0.8,100,0.123236,0.066114,0.810649,0.422617
09:AB,2007,Male,35-64,728999,11.6012,0.8,93.775,0.047122,0.119853,0.833025,0.287353
09:AB,2007,Male,65+,162524,11.6012,0.8,83.7426,0.104787,0.212199,0.683015,0.163475
09:AB,2007,Female,15-34,514660,11.6012,0.8,50.9682,0.177439,0.093536,0.729025,0.289491
09:AB,2007,Female,35-64,693714,11.6012,0.8,44.7279,0.101719,0.147321,0.750959,0.154085
09:AB,2007,Female,65+,200306,11.6012,0.8,34.5763,0.1625,0.240385,0.597115,0.029075
09:AB,2008,Male,15-34,484146,11.4816,0.8,100,0.123805,0.066236,0.809959,0.422413
09:AB,2008,Male,35-64,685434,11.4816,0.8,93.7624,0.047979,0.120046,0.831975,0.287043
09:AB,2008,Male,65+,156725,11.4816,0.8,83.7531,0.10498,0.212245,0.682775,0.163406
09:AB,2008,Female,15-34,465033,11.4816,0.8,50.9544,0.178095,0.093677,0.728228,0.289258
09:AB,2008,Female,35-64,684937,11.4816,0.8,44.7141,0.102338,0.147464,0.750198,0.153862
09:AB,2008,Female,65+,188775,11.4816,0.8,34.5763,0.162711,0.240436,0.596852,0.029
09:AB,2009,Male,15-34,490455,11.1228,0.8,100,0.122133,0.067665,0.810203,0.424807
09:AB,2009,Male,35-64,674205,11.1228,0.8,93.7117,0.046612,0.12155,0.831838,0.289323
09:AB,2009,Male,65+,158525,11.1228,0.8,83.6639,0.103001,0.213612,0.683387,0.16591
09:AB,2009,Female,15-34,473665,11.1228,0.8,50.6454,0.176564,0.095138,0.728299,0.291604
09:AB,2009,Female,35-64,667090,11.1228,0.8,44.3672,0.100797,0.148928,0.750274,0.156208
09:AB,2009,Female,65+,194870,11.1228,0.8,34.1821,0.160748,0.241808,0.597444,0.031499
09:AB,2010,Male,15-34,490455,11.0032,0.8,100,0.11582,0.071449,0.812731,0.432226
09:AB,2010,Male,35-64,674205,11.0032,0.8,93.5803,0.040851,0.12546,0.833689,0.296543
09:AB,2010,Male,65+,158525,11.0032,0.8,83.3693,0.096904,0.217445,0.685651,0.173255
09:AB,2010,Female,15-34,473665,11.0032,0.8,49.7679,0.170576,0.098992,0.730432,0.298909
09:AB,2010,Female,35-64,667090,11.0032,0.8,43.3714,0.095006,0.15283,0.752164,0.163442
09:AB,2010,Female,65+,194870,11.0032,0.8,33.0193,0.154678,0.245649,0.599672,0.038835
09:AB,2011,Male,15-34,490455,11.2424,0.8,100,0.11343,0.072948,0.813622,0.435101
09:AB,2011,Male,35-64,674205,11.2424,0.8,93.5186,0.038894,0.127058,0.834048,0.299259
09:AB,2011,Male,65+,158525,11.2424,0.8,83.2464,0.094714,0.218992,0.686294,0.176058
09:AB,2011,Female,15-34,473665,11.2424,0.8,49.4104,0.168418,0.10054,0.731042,0.301702
09:AB,2011,Female,35-64,667090,11.2424,0.8,42.9613,0.093069,0.154434,0.752497,0.166154
09:AB,2011,Female,65+,194870,11.2424,0.8,32.5463,0.152511,0.247204,0.600285,0.041631
09:AB,2012,Male,15-34,538505,11.362,0.8,100,0.116725,0.071421,0.811854,0.431678
09:AB,2012,Male,35-64,754110,11.362,0.8,93.5598,0.042354,0.125576,0.83207,0.295774
09:AB,2012,Male,65+,184120,11.362,0.8,83.3746,0.097896,0.217455,0.684649,0.172674
09:AB,2012,Female,15-34,521310,11.362,0.8,49.7885,0.171647,0.099001,0.729352,0.298304
09:AB,2012,Female,35-64,740825,11.362,0.8,43.3796,0.096462,0.152939,0.750599,0.162694
09:AB,2012,Female,65+,221600,11.362,0.8,33.0499,0.155694,0.245666,0.59864,0.038248
09:AB,2013,Male,15-34,615598,11.1228,0.8,100,0.119448,0.070442,0.81011,0.429133
09:AB,2013,Male,35-64,810467,11.1228,0.8,93.5839,0.045263,0.124649,0.830088,0.293157
09:AB,2013,Male,65+,213044,11.1228,0.8,83.4706,0.100284,0.216417,0.6833,0.170247
09:AB,2013,Female,15-34,569855,11.1228,0.8,50.0451,0.17422,0.097991,0.727788,0.295815
09:AB,2013,Female,35-64,761094,11.1228,0.8,43.6629,0.099184,0.151972,0.748845,0.160148
09:AB,2013,Female,65+,247128,11.1228,0.8,33.3971,0.158083,0.24463,0.597287,0.035823
09:AB,2014,Male,15-34,628790,11.2424,0.8,100,0.117726,0.072085,0.810189,0.431768
09:AB,2014,Male,35-64,824776,11.2424,0.8,93.5311,0.043727,0.126343,0.82993,0.295722
09:AB,2014,Male,65+,230325,11.2424,0.8,83.3652,0.098224,0.217996,0.68378,0.173004
09:AB,2014,Female,15-34,588621,11.2424,0.8,49.6935,0.172354,0.099604,0.728042,0.298504
09:AB,2014,Female,35-64,780009,11.2424,0.8,43.256,0.097552,0.153646,0.748801,0.162751
09:AB,2014,Female,65+,257199,11.2424,0.8,32.933,0.156036,0.246213,0.597751,0.038577
09:AB,2015,Male,15-34,641981,11.1228,0.8,100,0.12171,0.06981,0.808481,0.427202
09:AB,2015,Male,35-64,839085,11.1228,0.8,93.583,0.048111,0.124162,0.827727,0.29101
09:AB,2015,Male,65+,247607,11.1228,0.8,83.5295,0.102484,0.215795,0.681721,0.168336
09:AB,2015,Female,15-34,607388,11.1228,0.8,50.2216,0.17636,0.097336,0.726304,0.293929
09:AB,2015,Female,35-64,798925,11.1228,0.8,43.8336,0.102041,0.151491,0.746468,0.158002
09:AB,2015,Female,65+,267271,11.1228,0.8,33.6274,0.160312,0.244016,0.595672,0.033905
10:BC,2006,Male,15-34,567165,10.4052,0.8,100,0.095853,0.06534,0.838807,0.450382
10:BC,2006,Male,35-64,908594,10.4052,0.8,92.9439,0.027142,0.12067,0.852188,0.312461
10:BC,2006,Male,65+,270659,10.4052,0.8,82.1852,0.081756,0.212276,0.705968,0.18969
10:BC,2006,Female,15-34,554688,10.4052,0.8,46.7478,0.151388,0.093029,0.755584,0.31676
10:BC,2006,Female,35-64,926347,10.4052,0.8,39.6389,0.084027,0.148664,0.767309,0.178371
10:BC,2006,Female,65+,326137,10.4052,0.8,28.8131,0.140203,0.240635,0.619162,0.055015
10:BC,2007,Male,15-34,573198,10.5248,0.8,100,0.10243,0.06162,0.83595,0.442864
10:BC,2007,Male,35-64,921226,10.5248,0.8,93.0604,0.034003,0.117012,0.848985,0.304842
10:BC,2007,Male,65+,278264,10.5248,0.8,82.506,0.088396,0.208578,0.703026,0.182148
10:BC,2007,Female,15-34,561022,10.5248,0.8,47.7129,0.157978,0.089313,0.75271,0.309238
10:BC,2007,Female,35-64,937311,10.5248,0.8,40.7244,0.09082,0.144992,0.764189,0.170777
10:BC,2007,Female,65+,332947,10.5248,0.8,30.1026,0.146811,0.236928,0.616261,0.047486
10:BC,2008,Male,15-34,510441,10.5248,0.8,100,0.106962,0.059245,0.833792,0.437874
10:BC,2008,Male,35-64,892428,10.5248,0.8,93.1359,0.038655,0.114666,0.846679,0.299808
10:BC,2008,Male,65+,268621,10.5248,0.8,82.7095,0.092889,0.206205,0.700907,0.177171
10:BC,2008,Female,15-34,513350,10.5248,0.8,48.3204,0.162465,0.08693,0.750604,0.304265
10:BC,2008,Female,35-64,950948,10.5248,0.8,41.4087,0.095418,0.142634,0.761948,0.165765
10:BC,2008,Female,65+,318392,10.5248,0.8,30.9157,0.151267,0.234546,0.614187,0.042524
10:BC,2009,Male,15-34,517515,10.4052,0.8,100,0.106136,0.060183,0.833681,0.439292
10:BC,2009,Male,35-64,876255,10.4052,0.8,93.1124,0.037701,0.115584,0.846715,0.301269
10:BC,2009,Male,65+,271480,10.4052,0.8,82.6433,0.091934,0.207126,0.70094,0.178634
10:BC,2009,Female,15-34,521805,10.4052,0.8,48.1101,0.161547,0.08785,0.750603,0.305717
10:BC,2009,Female,35-64,918505,10.4052,0.8,41.171,0.094448,0.143549,0.762003,0.167233
10:BC,2009,Female,65+,328340,10.4052,0.8,30.6351,0.150281,0.235461,0.614258,0.044
10:BC,2010,Male,15-34,517515,9.8072,0.8,100,0.107148,0.059954,0.832898,0.43848
10:BC,2010,Male,35-64,876255,9.8072,0.8,93.1254,0.038623,0.115339,0.846038,0.300488
10:BC,2010,Male,65+,271480,9.8072,0.8,82.6687,0.092906,0.2069,0.700194,0.177836
10:BC,2010,Female,15-34,521805,9.8072,0.8,48.1833,0.162523,0.087613,0.749864,0.30492
10:BC,2010,Female,35-64,918505,9.8072,0.8,41.2574,0.095353,0.143302,0.761345,0.16646
10:BC,2010,Female,65+,328340,9.8072,0.8,30.7347,0.151219,0.235227,0.613554,0.043216
10:BC,2011,Male,15-34,517515,9.8072,0.8,100,0.095741,0.06688,0.83738,0.451989
10:BC,2011,Male,35-64,876255,9.8072,0.8,92.8882,0.027268,0.122288,0.850445,0.313974
10:BC,2011,Male,65+,271480,9.8072,0.8,82.0618,0.081862,0.213917,0.704221,0.191217
10:BC,2011,Female,15-34,521805,9.8072,0.8,46.4136,0.151092,0.094533,0.754375,0.31844
10:BC,2011,Female,35-64,918505,9.8072,0.8,39.2459,0.084021,0.150257,0.765721,0.179939
10:BC,2011,Female,65+,328340,9.8072,0.8,28.3547,0.140131,0.242238,0.617631,0.056614
10:BC,2012,Male,15-34,562655,9.9268,0.8,100,0.09576,0.067107,0.837133,0.452206
10:BC,2012,Male,35-64,929625,9.9268,0.8,92.8896,0.027071,0.12247,0.85046,0.314269
10:BC,2012,Male,65+,316750,9.9268,0.8,82.0284,0.082282,0.214249,0.703468,0.191289
10:BC,2012,Female,15-34,557095,9.9268,0.8,46.3637,0.151115,0.094762,0.754123,0.318656
10:BC,2012,Female,35-64,984595,9.9268,0.8,39.1944,0.083899,0.150457,0.765645,0.180207
10:BC,2012,Female,65+,371955,9.9268,0.8,28.2713,0.140547,0.242572,0.616881,0.05669
10:BC,2013,Male,15-34,633037,10.0464,0.8,100,0.094566,0.067967,0.837467,0.453756
10:BC,2013,Male,35-64,940569,10.0464,0.8,92.8666,0.025727,0.123299,0.850974,0.315871
10:BC,2013,Male,65+,363734,10.0464,0.8,81.931,0.081631,0.215245,0.703124,0.192643
10:BC,2013,Female,15-34,610453,10.0464,0.8,46.1429,0.149869,0.095611,0.754521,0.320225
10:BC,2013,Female,35-64,969939,10.0464,0.8,38.9438,0.082663,0.151312,0.766025,0.18177
10:BC,2013,Female,65+,413161,10.0464,0.8,27.9512,0.13989,0.243569,0.616541,0.058048
10:BC,2014,Male,15-34,627681,10.4052,0.8,100,0.095967,0.067375,0.836658,0.452356
10:BC,2014,Male,35-64,934418,10.4052,0.8,92.8963,0.02694,0.122667,0.850393,0.314539
10:BC,2014,Male,65+,382475,10.4052,0.8,81.9708,0.083435,0.214759,0.701807,0.191098
10:BC,2014,Female,15-34,607837,10.4052,0.8,46.3123,0.151248,0.095016,0.753736,0.318834
10:BC,2014,Female,35-64,956203,10.4052,0.8,39.1372,0.084007,0.15071,0.765283,0.180392
10:BC,2014,Female,65+,434077,10.4052,0.8,28.1601,0.141697,0.243085,0.615218,0.056504
10:BC,2015,Male,15-34,622325,10.6444,0.8,100,0.10344,0.062952,0.833608,0.443621
10:BC,2015,Male,35-64,928266,10.6444,0.8,93.0475,0.034463,0.118251,0.847286,0.305788
10:BC,2015,Male,65+,401217,10.6444,0.8,82.3318,0.09155,0.21049,0.697959,0.182131
10:BC,2015,Female,15-34,605221,10.6444,0.8,47.4643,0.15876,0.090601,0.750639,0.310085
10:BC,2015,Female,35-64,942467,10.6444,0.8,40.4384,0.091641,0.146318,0.762041,0.171601
10:BC,2015,Female,65+,454993,10.6444,0.8,29.6771,0.14983,0.23882,0.61135,0.047534
11:YT,2006,Male,15-34,4478,15.1892,0.8,100,0.129747,0.032616,0.837638,0.477
11:YT,2006,Male,35-64,7842,15.1892,0.8,94.8231,0.068483,0.133075,0.798442,0.28
11:YT,2006,Male,65+,1197,15.1892,0.8,86.6499,0.133202,0.236106,0.630692,0.083
11:YT,2006,Female,15-34,4425,15.1892,0.8,59.8592,0.139068,0.062861,0.798071,0.459
11:YT,2006,Female,35-64,7363,15.1892,0.8,54.7536,0.112837,0.120473,0.76669,0.192
11:YT,2006,Female,65+,1116,15.1892,0.8,46.4149,0.257059,0.279718,0.463223,0.063
11:YT,2007,Male,15-34,4545,16.0264,0.8,100,0.129297,0.039068,0.831635,0.443
11:YT,2007,Male,35-64,7923,16.0264,0.8,94.8451,0.068261,0.138631,0.793108,0.294
11:YT,2007,Male,65+,1233,16.0264,0.8,86.7178,0.127402,0.240338,0.63226,0.088
11:YT,2007,Female,15-34,4413,16.0264,0.8,60.0747,0.138833,0.067348,0.793818,0.426
11:YT,2007,Female,35-64,7516,16.0264,0.8,54.9919,0.11219,0.130918,0.756892,0.201
11:YT,2007,Female,65+,1161,16.0264,0.8,46.7004,0.252265,0.283936,0.463799,0.066
11:YT,2008,Male,15-34,4647,15.9068,0.8,100,0.127266,0.045644,0.82709,0.386
11:YT,2008,Male,35-64,8061,15.9068,0.8,95.0482,0.059707,0.145455,0.794838,0.321
11:YT,2008,Male,65+,1298,15.9068,0.8,87.265,0.119724,0.245939,0.634337,0.079
11:YT,2008,Female,15-34,4449,15.9068,0.8,61.6751,0.137106,0.071448,0.791446,0.372
11:YT,2008,Female,35-64,7665,15.9068,0.8,56.808,0.103718,0.137592,0.75869,0.22
11:YT,2008,Female,65+,1231,15.9068,0.8,48.8538,0.244268,0.290973,0.46476,0.059
11:YT,2009,Male,15-34,4739,16.3852,0.8,100,0.119537,0.049295,0.831168,0.629
11:YT,2009,Male,35-64,8089,16.3852,0.8,94.9993,0.075698,0.146332,0.77797,0.32
11:YT,2009,Male,65+,1437,16.3852,0.8,87.1377,0.10927,0.253566,0.637163,0.096
11:YT,2009,Female,15-34,4578,16.3852,0.8,61.3114,0.128444,0.079767,0.791789,0.606
11:YT,2009,Female,35-64,7771,16.3852,0.8,56.3931,0.119508,0.141371,0.739121,0.219
11:YT,2009,Female,65+,1319,16.3852,0.8,48.362,0.237134,0.297248,0.465618,0.073
11:YT,2010,Male,15-34,4931,16.146,0.8,100,0.105601,0.059407,0.834991,0.405
11:YT,2010,Male,35-64,8172,16.146,0.8,95.0898,0.078778,0.151858,0.769363,0.381
11:YT,2010,Male,65+,1543,16.146,0.8,87.3795,0.100099,0.260257,0.639644,0.086
11:YT,2010,Female,15-34,4775,16.146,0.8,62.0232,0.114739,0.089111,0.79615,0.39
11:YT,2010,Female,35-64,7941,16.146,0.8,57.2,0.122578,0.151793,0.725629,0.261
11:YT,2010,Female,65+,1387,16.146,0.8,49.3183,0.231346,0.302342,0.466313,0.065
11:YT,2011,Male,15-34,5038,15.7872,0.8,100,0.109551,0.068994,0.821455,0.524
11:YT,2011,Male,35-64,8370,15.7872,0.8,95.0331,0.066267,0.158885,0.774848,0.224
11:YT,2011,Male,65+,1635,15.7872,0.8,87.2326,0.08941,0.268056,0.642534,0.079
11:YT,2011,Female,15-34,4874,15.7872,0.8,61.601,0.11889,0.095471,0.78564,0.504
11:YT,2011,Female,35-64,8078,15.7872,0.8,56.7212,0.109525,0.160332,0.730142,0.153
11:YT,2011,Female,65+,1471,15.7872,0.8,48.7488,0.223266,0.309451,0.467284,0.059
11:YT,2012,Male,15-34,5135,15.7872,0.8,100,0.111402,0.07117,0.817428,0.42
11:YT,2012,Male,35-64,8398,15.7872,0.8,95.0465,0.058406,0.163438,0.778156,0.246
11:YT,2012,Male,65+,1755,15.7872,0.8,87.2569,0.076477,0.277492,0.646031,0.084
11:YT,2012,Female,15-34,4840,15.7872,0.8,61.6901,0.120888,0.096294,0.782818,0.405
11:YT,2012,Female,35-64,8255,15.7872,0.8,56.8223,0.101701,0.169225,0.729073,0.169
11:YT,2012,Female,65+,1609,15.7872,0.8,48.8607,0.211408,0.319884,0.468708,0.063
11:YT,2013,Male,15-34,5111,15.548,0.8,100,0.153066,0.071447,0.775487,0.412
11:YT,2013,Male,35-64,8398,15.548,0.8,95.0439,0.07498,0.168435,0.756586,0.394
11:YT,2013,Male,65+,1903,15.548,0.8,87.2422,0.05983,0.289638,0.650532,0.126
11:YT,2013,Female,15-34,4794,15.548,0.8,61.6672,0.162235,0.097423,0.740341,0.397
11:YT,2013,Female,35-64,8305,15.548,0.8,56.7959,0.118164,0.176512,0.705324,0.27
11:YT,2013,Female,65+,1736,15.548,0.8,48.8226,0.199762,0.33013,0.470108,0.095
11:YT,2014,Male,15-34,5127,15.3088,0.8,100,0.155721,0.069585,0.774694,0.412
11:YT,2014,Male,35-64,8450,15.3088,0.8,94.9397,0.06753,0.1747,0.75777,0.394
11:YT,2014,Male,65+,1999,15.3088,0.8,86.9639,0.048483,0.297917,0.6536,0.126
11:YT,2014,Female,15-34,4839,15.3088,0.8,60.8693,0.164604,0.097169,0.738227,0.397
11:YT,2014,Female,35-64,8412,15.3088,0.8,55.8902,0.11061,0.184574,0.704816,0.27
11:YT,2014,Female,65+,1864,15.3088,0.8,47.744,0.186062,0.342184,0.471754,0.095
11:YT,2015,Male,15-34,5147,15.7872,0.8,100,0.125375,0.065997,0.808628,0.415433
11:YT,2015,Male,35-64,8509,15.7872,0.8,94.8843,0.06898,0.181638,0.749383,0.404411
11:YT,2015,Male,65+,2109,15.7872,0.8,86.8131,0.037954,0.305598,0.656448,0.156
11:YT,2015,Female,15-34,4843,15.7872,0.8,60.4698,0.134422,0.09417,0.771408,0.400431
11:YT,2015,Female,35-64,8489,15.7872,0.8,55.4307,0.111722,0.191641,0.696637,0.277189
11:YT,2015,Female,65+,2004,15.7872,0.8,47.1928,0.16981,0.356483,0.473707,0.117619
12:NT,2006,Male,15-34,7238,14.352,0.8,100,0.129747,0.032616,0.837638,0.463
12:NT,2006,Male,35-64,9160,14.352,0.8,94.5872,0.068483,0.133075,0.798442,0.334
12:NT,2006,Male,65+,971,14.352,0.8,86.0237,0.133202,0.236106,0.630692,0.092
12:NT,2006,Female,15-34,6870,14.352,0.8,58.0421,0.139068,0.062861,0.798071,0.307
12:NT,2006,Female,35-64,7917,14.352,0.8,52.6879,0.112837,0.120473,0.76669,0.233
12:NT,2006,Female,65+,1002,14.352,0.8,43.9668,0.257059,0.279718,0.463223,0.049
12:NT,2007,Male,15-34,7311,15.0696,0.8,100,0.129297,0.039068,0.831635,0.5
12:NT,2007,Male,35-64,9185,15.0696,0.8,94.6353,0.068261,0.138631,0.793108,0.383
12:NT,2007,Male,65+,1020,15.0696,0.8,86.1613,0.127402,0.240338,0.63226,0.109
12:NT,2007,Female,15-34,6959,15.0696,0.8,58.4614,0.138833,0.067348,0.793818,0.332
12:NT,2007,Female,35-64,8056,15.0696,0.8,53.1587,0.11219,0.130918,0.756892,0.268
12:NT,2007,Female,65+,1041,15.0696,0.8,44.528,0.252265,0.283936,0.463799,0.057
12:NT,2008,Male,15-34,7362,15.1892,0.8,100,0.127266,0.045644,0.82709,0.448
12:NT,2008,Male,35-64,9131,15.1892,0.8,94.8685,0.059707,0.145455,0.794838,0.292
12:NT,2008,Male,65+,1067,15.1892,0.8,86.7865,0.119724,0.245939,0.634337,0.082
12:NT,2008,Female,15-34,7027,15.1892,0.8,60.2877,0.137106,0.071448,0.791446,0.297
12:NT,2008,Female,35-64,8089,15.1892,0.8,55.2306,0.103718,0.137592,0.75869,0.204
12:NT,2008,Female,65+,1092,15.1892,0.8,46.9842,0.244268,0.290973,0.46476,0.043
12:NT,2009,Male,15-34,7348,14.4716,0.8,100,0.119537,0.049295,0.831168,0.458
12:NT,2009,Male,35-64,9016,14.4716,0.8,94.9483,0.075698,0.146332,0.77797,0.364
12:NT,2009,Male,65+,1109,14.4716,0.8,87.0027,0.10927,0.253566,0.637163,0.094
12:NT,2009,Female,15-34,7081,14.4716,0.8,60.9207,0.128444,0.079767,0.791789,0.305
12:NT,2009,Female,35-64,8075,14.4716,0.8,55.949,0.119508,0.141371,0.739121,0.254
12:NT,2009,Female,65+,1127,14.4716,0.8,47.8359,0.237134,0.297248,0.465618,0.05
12:NT,2010,Male,15-34,7417,14.4716,0.8,100,0.105601,0.059407,0.834991,0.607
12:NT,2010,Male,35-64,9001,14.4716,0.8,94.7088,0.078778,0.151858,0.769363,0.368
12:NT,2010,Male,65+,1137,14.4716,0.8,86.3694,0.100099,0.260257,0.639644,0.102
12:NT,2010,Female,15-34,7121,14.4716,0.8,59.0959,0.114739,0.089111,0.79615,0.403
12:NT,2010,Female,35-64,8169,14.4716,0.8,53.8718,0.122578,0.151793,0.725629,0.257
12:NT,2010,Female,65+,1165,14.4716,0.8,45.3748,0.231346,0.302342,0.466313,0.054
12:NT,2011,Male,15-34,7516,14.4716,0.8,100,0.109551,0.068994,0.821455,0.561
12:NT,2011,Male,35-64,8965,14.4716,0.8,94.7202,0.066267,0.158885,0.774848,0.404
12:NT,2011,Male,65+,1211,14.4716,0.8,86.4022,0.08941,0.268056,0.642534,0.102
12:NT,2011,Female,15-34,7140,14.4716,0.8,59.1962,0.11889,0.095471,0.78564,0.373
12:NT,2011,Female,35-64,8267,14.4716,0.8,53.9871,0.109525,0.160332,0.730142,0.282
12:NT,2011,Female,65+,1215,14.4716,0.8,45.5093,0.223266,0.309451,0.467284,0.054
12:NT,2012,Male,15-34,7462,14.4716,0.8,100,0.111402,0.07117,0.817428,0.528
12:NT,2012,Male,35-64,8951,14.4716,0.8,94.7416,0.058406,0.163438,0.778156,0.355
12:NT,2012,Male,65+,1273,14.4716,0.8,86.4473,0.076477,0.277492,0.646031,0.118
12:NT,2012,Female,15-34,7140,14.4716,0.8,59.3468,0.120888,0.096294,0.782818,0.351
12:NT,2012,Female,35-64,8313,14.4716,0.8,54.1584,0.101701,0.169225,0.729073,0.248
12:NT,2012,Female,65+,1269,14.4716,0.8,45.7037,0.211408,0.319884,0.468708,0.062
12:NT,2013,Male,15-34,7328,13.9932,0.8,100,0.153066,0.071447,0.775487,0.557
12:NT,2013,Male,35-64,9007,13.9932,0.8,94.7158,0.07498,0.168435,0.756586,0.362
12:NT,2013,Male,65+,1361,13.9932,0.8,86.3705,0.05983,0.289638,0.650532,0.156
12:NT,2013,Female,15-34,7095,13.9932,0.8,59.1443,0.162235,0.097423,0.740341,0.37
12:NT,2013,Female,35-64,8404,13.9932,0.8,53.9277,0.118164,0.176512,0.705324,0.253
12:NT,2013,Female,65+,1338,13.9932,0.8,45.4229,0.199762,0.33013,0.470108,0.082
12:NT,2014,Male,15-34,7187,14.2324,0.8,100,0.155721,0.069585,0.774694,0.557
12:NT,2014,Male,35-64,9053,14.2324,0.8,94.5766,0.06753,0.1747,0.75777,0.362
12:NT,2014,Male,65+,1412,14.2324,0.8,85.9986,0.048483,0.297917,0.6536,0.156
12:NT,2014,Female,15-34,6970,14.2324,0.8,58.0776,0.164604,0.097169,0.738227,0.37
12:NT,2014,Female,35-64,8499,14.2324,0.8,52.7162,0.11061,0.184574,0.704816,0.253
12:NT,2014,Female,65+,1434,14.2324,0.8,43.9813,0.186062,0.342184,0.471754,0.082
12:NT,2015,Male,15-34,7042,14.1128,0.8,100,0.125375,0.065997,0.808628,0.530627
12:NT,2015,Male,35-64,9152,14.1128,0.8,94.6453,0.06898,0.181638,0.749383,0.358941
12:NT,2015,Male,65+,1457,14.1128,0.8,86.177,0.037954,0.305598,0.656448,0.191695
12:NT,2015,Female,15-34,6913,14.1128,0.8,58.631,0.134422,0.09417,0.771408,0.352607
12:NT,2015,Female,35-64,8597,14.1128,0.8,53.3397,0.111722,0.191641,0.696637,0.25096
12:NT,2015,Female,65+,1539,14.1128,0.8,44.7143,0.16981,0.356483,0.473707,0.100516
13:NU,2006,Male,15-34,5620,6.661482577,0.8,100,0.129747,0.032616,0.837638,0.341
13:NU,2006,Male,35-64,4685,6.661482577,0.8,85.7963,0.068483,0.133075,0.798442,0.26
13:NU,2006,Male,65+,434,6.661482577,0.8,62.6634,0.133202,0.236106,0.630692,0.066
13:NU,2006,Female,15-34,5409,6.661482577,0.8,79.2381,0.139068,0.062861,0.798071,0.208
13:NU,2006,Female,35-64,4137,6.661482577,0.8,66.867,0.112837,0.120473,0.76669,0.213
13:NU,2006,Female,65+,376,6.661482577,0.8,40.8172,0.257059,0.279718,0.463223,0.027
13:NU,2007,Male,15-34,5715,6.653662509,0.8,100,0.129297,0.039068,0.831635,0.338
13:NU,2007,Male,35-64,4822,6.653662509,0.8,85.7768,0.068261,0.138631,0.793108,0.254
13:NU,2007,Male,65+,460,6.653662509,0.8,62.6397,0.127402,0.240338,0.63226,0.066
13:NU,2007,Female,15-34,5500,6.653662509,0.8,79.2461,0.138833,0.067348,0.793818,0.206
13:NU,2007,Female,35-64,4272,6.653662509,0.8,66.8734,0.11219,0.130918,0.756892,0.208
13:NU,2007,Female,65+,396,6.653662509,0.8,40.8221,0.252265,0.283936,0.463799,0.027
13:NU,2008,Male,15-34,5805,6.887265126,0.8,100,0.127266,0.045644,0.82709,0.328
13:NU,2008,Male,35-64,4967,6.887265126,0.8,86.2219,0.059707,0.145455,0.794838,0.422
13:NU,2008,Male,65+,493,6.887265126,0.8,63.8393,0.119724,0.245939,0.634337,0.087
13:NU,2008,Female,15-34,5551,6.887265126,0.8,79.2314,0.137106,0.071448,0.791446,0.2
13:NU,2008,Female,35-64,4311,6.887265126,0.8,67.2561,0.103718,0.137592,0.75869,0.345
13:NU,2008,Female,65+,446,6.887265126,0.8,42.0412,0.244268,0.290973,0.46476,0.035
13:NU,2009,Male,15-34,5909,6.809267994,0.8,100,0.119537,0.049295,0.831168,0.275
13:NU,2009,Male,35-64,5129,6.809267994,0.8,86.0793,0.075698,0.146332,0.77797,0.295
13:NU,2009,Male,65+,506,6.809267994,0.8,63.4685,0.10927,0.253566,0.637163,0.067
13:NU,2009,Female,15-34,5774,6.809267994,0.8,79.2491,0.128444,0.079767,0.791789,0.168
13:NU,2009,Female,35-64,4406,6.809267994,0.8,67.1562,0.119508,0.141371,0.739121,0.242
13:NU,2009,Female,65+,473,6.809267994,0.8,41.6924,0.237134,0.297248,0.465618,0.027
13:NU,2010,Male,15-34,6038,6.840727726,0.8,100,0.105601,0.059407,0.834991,0.205
13:NU,2010,Male,35-64,5258,6.840727726,0.8,86.139,0.078778,0.151858,0.769363,0.191
13:NU,2010,Male,65+,539,6.840727726,0.8,63.6331,0.100099,0.260257,0.639644,0.036
13:NU,2010,Female,15-34,5913,6.840727726,0.8,79.2569,0.114739,0.089111,0.79615,0.125
13:NU,2010,Female,35-64,4532,6.840727726,0.8,67.221,0.122578,0.151793,0.725629,0.156
13:NU,2010,Female,65+,487,6.840727726,0.8,41.8769,0.231346,0.302342,0.466313,0.014
13:NU,2011,Male,15-34,6211,6.812996936,0.8,100,0.109551,0.068994,0.821455,0.347
13:NU,2011,Male,35-64,5412,6.812996936,0.8,86.0885,0.066267,0.158885,0.774848,0.375
13:NU,2011,Male,65+,564,6.812996936,0.8,63.5063,0.08941,0.268056,0.642534,0.073
13:NU,2011,Female,15-34,6054,6.812996936,0.8,79.2649,0.11889,0.095471,0.78564,0.212
13:NU,2011,Female,35-64,4672,6.812996936,0.8,67.1875,0.109525,0.160332,0.730142,0.307
13:NU,2011,Female,65+,518,6.812996936,0.8,41.762,0.223266,0.309451,0.467284,0.03
13:NU,2012,Male,15-34,6249,6.764666011,0.8,100,0.111402,0.07117,0.817428,0.228
13:NU,2012,Male,35-64,5549,6.764666011,0.8,86.0224,0.058406,0.163438,0.778156,0.263
13:NU,2012,Male,65+,608,6.764666011,0.8,63.3025,0.076477,0.277492,0.646031,0.07
13:NU,2012,Female,15-34,6112,6.764666011,0.8,79.2811,0.120888,0.096294,0.782818,0.139
13:NU,2012,Female,35-64,4775,6.764666011,0.8,67.1425,0.101701,0.169225,0.729073,0.215
13:NU,2012,Female,65+,563,6.764666011,0.8,41.5882,0.211408,0.319884,0.468708,0.028
13:NU,2013,Male,15-34,6345,6.599361614,0.8,100,0.153066,0.071447,0.775487,0.218
13:NU,2013,Male,35-64,5700,6.599361614,0.8,85.7175,0.07498,0.168435,0.756586,0.269
13:NU,2013,Male,65+,655,6.599361614,0.8,62.472,0.05983,0.289638,0.650532,0.074
13:NU,2013,Female,15-34,6148,6.599361614,0.8,79.3062,0.162235,0.097423,0.740341,0.133
13:NU,2013,Female,35-64,4935,6.599361614,0.8,66.9028,0.118164,0.176512,0.705324,0.22
13:NU,2013,Female,65+,594,6.599361614,0.8,40.791,0.199762,0.33013,0.470108,0.03
13:NU,2014,Male,15-34,6393,6.397456971,0.8,100,0.155721,0.069585,0.774694,0.218
13:NU,2014,Male,35-64,5844,6.397456971,0.8,85.3244,0.06753,0.1747,0.75777,0.269
13:NU,2014,Male,65+,696,6.397456971,0.8,61.4193,0.048483,0.297917,0.6536,0.074
13:NU,2014,Female,15-34,6213,6.397456971,0.8,79.3343,0.164604,0.097169,0.738227,0.133
13:NU,2014,Female,35-64,5049,6.397456971,0.8,66.5895,0.11061,0.184574,0.704816,0.22
13:NU,2014,Female,65+,630,6.397456971,0.8,39.7591,0.186062,0.342184,0.471754,0.03
13:NU,2015,Male,15-34,6429,6.397700223,0.8,100,0.125375,0.065997,0.808628,0.224215
13:NU,2015,Male,35-64,5999,6.397700223,0.8,85.3401,0.06898,0.181638,0.749383,0.30889
13:NU,2015,Male,65+,712,6.397700223,0.8,61.4496,0.037954,0.305598,0.656448,0.094086
13:NU,2015,Female,15-34,6219,6.397700223,0.8,79.3342,0.134422,0.09417,0.771408,0.136827
13:NU,2015,Female,35-64,5195,6.397700223,0.8,66.6096,0.111722,0.191641,0.696637,0.252744
13:NU,2015,Female,65+,684,6.397700223,0.8,39.8262,0.16981,0.356483,0.473707,0.038571
20:CA,2006,Male,15-34,4283009,9.9268,0.8,100,0.09534,0.070124,0.834536,0.452005
20:CA,2006,Male,35-64,6583089,9.9268,0.8,90.1515,0.053423,0.124805,0.821773,0.303986
20:CA,2006,Male,65+,1793679,9.9268,0.8,85.1027,0.055808,0.196531,0.747662,0.202949
20:CA,2006,Female,15-34,4147261,9.9268,0.8,48.0911,0.148793,0.09266,0.758547,0.319773
20:CA,2006,Female,35-64,6600150,9.9268,0.8,38.0164,0.109045,0.148996,0.741959,0.170796
20:CA,2006,Female,65+,2320554,9.9268,0.8,32.2126,0.117855,0.224027,0.658118,0.066563
20:CA,2007,Male,15-34,4312381,10.0464,0.8,100,0.099292,0.06881,0.831897,0.447464
20:CA,2007,Male,35-64,6664239,10.0464,0.8,90.1613,0.05814,0.123686,0.818174,0.29912
20:CA,2007,Male,65+,1842980,10.0464,0.8,85.2034,0.060068,0.195205,0.744728,0.198282
20:CA,2007,Female,15-34,4195839,10.0464,0.8,48.5177,0.153003,0.091405,0.755592,0.315111
20:CA,2007,Female,35-64,6673879,10.0464,0.8,38.4938,0.113677,0.147807,0.738516,0.165977
20:CA,2007,Female,65+,2369874,10.0464,0.8,32.7776,0.122119,0.222661,0.655221,0.061896
20:CA,2008,Male,15-34,3967615,10.0464,0.8,100,0.103812,0.0671,0.829089,0.446106
20:CA,2008,Male,35-64,6792987,10.0464,0.8,90.1513,0.063253,0.122045,0.814702,0.297536
20:CA,2008,Male,65+,1838172,10.0464,0.8,85.2404,0.064912,0.193383,0.741704,0.196805
20:CA,2008,Female,15-34,4018764,10.0464,0.8,48.7209,0.157689,0.089711,0.7526,0.313659
20:CA,2008,Female,35-64,7024048,10.0464,0.8,38.7199,0.118668,0.146075,0.735257,0.164437
20:CA,2008,Female,65+,2368887,10.0464,0.8,33.0429,0.126928,0.220773,0.652299,0.060419
20:CA,2009,Male,15-34,4091165,9.9268,0.8,100,0.106471,0.066504,0.827025,0.444486
20:CA,2009,Male,35-64,6604395,9.9268,0.8,90.1339,0.066204,0.121467,0.812329,0.295812
20:CA,2009,Male,65+,1884495,9.9268,0.8,85.2345,0.06776,0.192709,0.739531,0.195117
20:CA,2009,Female,15-34,4104205,9.9268,0.8,48.7438,0.160424,0.089121,0.750455,0.311992
20:CA,2009,Female,35-64,6827455,9.9268,0.8,38.7419,0.121554,0.145449,0.732997,0.162733
20:CA,2009,Female,65+,2445720,9.9268,0.8,33.0717,0.12975,0.220063,0.650187,0.058731
20:CA,2010,Male,15-34,4091165,9.8072,0.8,100,0.107419,0.066255,0.826326,0.443761
20:CA,2010,Male,35-64,6604395,9.8072,0.8,90.0919,0.067412,0.121319,0.811269,0.294965
20:CA,2010,Male,65+,1884495,9.8072,0.8,85.1872,0.068944,0.19257,0.738487,0.194278
20:CA,2010,Female,15-34,4104205,9.8072,0.8,48.6647,0.161469,0.0889,0.749631,0.31123
20:CA,2010,Female,35-64,6827455,9.8072,0.8,38.6289,0.122788,0.145304,0.731909,0.161886
20:CA,2010,Female,65+,2445720,9.8072,0.8,32.953,0.13096,0.219925,0.649114,0.057892
20:CA,2011,Male,15-34,4091165,9.9268,0.8,100,0.104551,0.067685,0.827764,0.447948
20:CA,2011,Male,35-64,6604395,9.9268,0.8,89.9747,0.064656,0.122887,0.812457,0.299066
20:CA,2011,Male,65+,1884495,9.9268,0.8,84.9836,0.066556,0.194329,0.739114,0.198215
20:CA,2011,Female,15-34,4104205,9.9268,0.8,48.1578,0.15867,0.090387,0.750943,0.315395
20:CA,2011,Female,35-64,6827455,9.9268,0.8,38.0081,0.120062,0.146917,0.73302,0.165984
20:CA,2011,Female,65+,2445720,9.9268,0.8,32.2436,0.12857,0.221723,0.649707,0.061847
20:CA,2012,Male,15-34,4343710,9.8072,0.8,100,0.104468,0.068382,0.827149,0.445273
20:CA,2012,Male,35-64,6962440,9.8072,0.8,90.0229,0.064278,0.123559,0.812163,0.296509
20:CA,2012,Male,65+,2195350,9.8072,0.8,84.9417,0.067081,0.195417,0.737502,0.19523
20:CA,2012,Female,15-34,4316070,9.8072,0.8,48.2862,0.158432,0.091041,0.750527,0.312819
20:CA,2012,Female,35-64,7209290,9.8072,0.8,38.1585,0.119763,0.147632,0.732604,0.163416
20:CA,2012,Female,65+,2740995,9.8072,0.8,32.3108,0.12915,0.222848,0.648002,0.058874
20:CA,2013,Male,15-34,4782418,9.568,0.8,100,0.105018,0.069581,0.8254,0.449801
20:CA,2013,Male,35-64,7041003,9.568,0.8,89.9881,0.064844,0.124651,0.810505,0.301067
20:CA,2013,Male,65+,2523107,9.568,0.8,84.7844,0.068532,0.196718,0.734749,0.19936
20:CA,2013,Female,15-34,4630789,9.568,0.8,48.084,0.158769,0.092168,0.749064,0.317405
20:CA,2013,Female,35-64,7152572,9.568,0.8,37.9004,0.1203,0.148718,0.730982,0.167944
20:CA,2013,Female,65+,2913995,9.568,0.8,31.9368,0.130493,0.224112,0.645395,0.063017
20:CA,2014,Male,15-34,4783940,9.6876,0.8,100,0.100646,0.071791,0.827564,0.454215
20:CA,2014,Male,35-64,7033524,9.6876,0.8,89.8395,0.060436,0.126963,0.812601,0.305455
20:CA,2014,Male,65+,2676564,9.6876,0.8,84.469,0.064975,0.199403,0.735622,0.20336
20:CA,2014,Female,15-34,4652556,9.6876,0.8,47.3592,0.154278,0.094381,0.751341,0.321877
20:CA,2014,Female,35-64,7182345,9.6876,0.8,37.0001,0.115998,0.151121,0.73288,0.172285
20:CA,2014,Female,65+,3028104,9.6876,0.8,30.8711,0.126955,0.22686,0.646186,0.067021
20:CA,2015,Male,15-34,4785463,9.8072,0.8,100,0.101401,0.071338,0.827261,0.452579
20:CA,2015,Male,35-64,7026045,9.8072,0.8,89.8298,0.061542,0.126644,0.811814,0.303653
20:CA,2015,Male,65+,2830022,9.8072,0.8,84.3715,0.066977,0.199448,0.733574,0.201128
20:CA,2015,Female,15-34,4674323,9.8072,0.8,47.514,0.155026,0.093919,0.751055,0.320251
20:CA,2015,Female,35-64,7212119,9.8072,0.8,37.1259,0.117278,0.150858,0.731865,0.170415
20:CA,2015,Female,65+,3142213,9.8072,0.8,30.9297,0.128994,0.226911,0.644095,0.064795
